number,value,datetime_start,datetime_complete,duration,params_exog__cpi_fresh_fruits,params_exog__diesel_price,params_exog__mxn_usd,params_exog__ppi_fertilizers,params_model,params_strategy,params_transform,params_use_tda,params_window,state
0,33.0650724315741,2026-06-08 00:52:29.437704,2026-06-08 00:52:32.732938,0 days 00:00:03.295234,True,False,True,True,Ridge,winsorize,standard,True,36,COMPLETE
1,27.119024756287,2026-06-08 00:52:29.441200,2026-06-08 00:52:32.720932,0 days 00:00:03.279732,False,False,True,True,ElasticNet,winsorize,standard,True,36,COMPLETE
2,29.906261384980738,2026-06-08 00:52:29.445819,2026-06-08 00:52:30.127790,0 days 00:00:00.681971,True,True,False,True,ElasticNet,dummy,diff,False,24,COMPLETE
3,31.343164224209826,2026-06-08 00:52:29.452679,2026-06-08 00:52:45.175865,0 days 00:00:15.723186,False,True,True,True,GradientBoosting,exclude,log_diff,True,48,COMPLETE
4,26.898451315179674,2026-06-08 00:52:29.464632,2026-06-08 00:52:32.265667,0 days 00:00:02.801035,False,False,True,False,Lasso,exclude,standard,True,48,COMPLETE
5,28.47898470703125,2026-06-08 00:52:29.466250,2026-06-08 00:52:34.508890,0 days 00:00:05.042640,False,False,False,True,KNN,winsorize,diff,True,24,COMPLETE
6,105.44306212175657,2026-06-08 00:52:29.468587,2026-06-08 00:52:30.096497,0 days 00:00:00.627910,False,True,False,False,LinearRegression,none,standard,False,48,COMPLETE
7,35.77325893474274,2026-06-08 00:52:30.103023,2026-06-08 00:52:37.275091,0 days 00:00:07.172068,True,True,True,True,GradientBoosting,none,seasonal_diff,False,48,COMPLETE
8,29.97702282590604,2026-06-08 00:52:30.131702,2026-06-08 00:52:46.070543,0 days 00:00:15.938841,True,True,True,True,GradientBoosting,dummy,standard,True,48,COMPLETE
9,31.9473642628298,2026-06-08 00:52:32.268490,2026-06-08 00:52:33.198044,0 days 00:00:00.929554,True,False,False,False,Ridge,winsorize,none,False,48,COMPLETE
10,29.219075791281313,2026-06-08 00:52:32.735511,2026-06-08 00:52:33.131735,0 days 00:00:00.396224,True,True,True,True,SVR_rbf,dummy,log_diff,False,36,COMPLETE
11,28.927149857744734,2026-06-08 00:52:32.742635,2026-06-08 00:52:51.137419,0 days 00:00:18.394784,False,True,True,False,GradientBoosting,dummy,standard,False,48,COMPLETE
12,31.661606751784596,2026-06-08 00:52:33.142855,2026-06-08 00:52:34.795998,0 days 00:00:01.653143,False,True,True,False,SVR_rbf,exclude,seasonal_diff,True,36,COMPLETE
13,28.292983125000003,2026-06-08 00:52:33.213775,2026-06-08 00:52:35.593010,0 days 00:00:02.379235,True,False,False,False,KNN,dummy,none,True,24,COMPLETE
14,27.54524111111111,2026-06-08 00:52:34.511513,2026-06-08 00:52:35.968482,0 days 00:00:01.456969,False,True,False,False,KNN,exclude,none,False,36,COMPLETE
15,30.628865661281157,2026-06-08 00:52:34.803284,2026-06-08 00:52:34.981777,0 days 00:00:00.178493,False,False,True,True,ElasticNet,winsorize,none,False,48,COMPLETE
16,66.43181600207903,2026-06-08 00:52:34.985008,2026-06-08 00:52:35.974196,0 days 00:00:00.989188,False,False,True,False,Lasso,exclude,seasonal_diff,True,48,COMPLETE
17,26.80246142816654,2026-06-08 00:52:35.596518,2026-06-08 00:52:36.950049,0 days 00:00:01.353531,False,False,True,False,Lasso,exclude,standard,True,36,COMPLETE
18,26.91990504047213,2026-06-08 00:52:35.975899,2026-06-08 00:52:37.322330,0 days 00:00:01.346431,False,False,True,True,Lasso,none,standard,True,48,COMPLETE
19,29.84580406526097,2026-06-08 00:52:35.981103,2026-06-08 00:53:01.543430,0 days 00:00:25.562327,False,False,True,True,GradientBoosting,none,standard,True,48,COMPLETE
20,26.898451315179674,2026-06-08 00:52:36.954996,2026-06-08 00:52:38.944148,0 days 00:00:01.989152,False,False,True,False,Lasso,exclude,standard,True,48,COMPLETE
21,26.80246142816654,2026-06-08 00:52:37.286221,2026-06-08 00:52:39.286910,0 days 00:00:02.000689,False,False,True,False,Lasso,exclude,standard,True,36,COMPLETE
22,34.09295607638889,2026-06-08 00:52:37.333756,2026-06-08 00:52:39.597449,0 days 00:00:02.263693,False,False,True,False,DecisionTree,exclude,standard,True,36,COMPLETE
23,34.09295607638889,2026-06-08 00:52:38.952861,2026-06-08 00:52:40.629331,0 days 00:00:01.676470,False,False,True,False,DecisionTree,exclude,standard,True,36,COMPLETE
24,45.2213538869879,2026-06-08 00:52:39.293357,2026-06-08 00:52:41.000185,0 days 00:00:01.706828,False,False,True,False,DecisionTree,exclude,log_diff,True,36,COMPLETE
25,31.348888842127163,2026-06-08 00:52:39.601627,2026-06-08 00:52:41.142971,0 days 00:00:01.541344,False,False,True,False,Lasso,exclude,log_diff,True,36,COMPLETE
26,31.348888842127163,2026-06-08 00:52:40.643006,2026-06-08 00:52:42.498264,0 days 00:00:01.855258,False,False,True,False,Lasso,exclude,log_diff,True,36,COMPLETE
27,26.80246142816654,2026-06-08 00:52:41.002943,2026-06-08 00:52:42.974902,0 days 00:00:01.971959,False,False,True,False,Lasso,exclude,standard,True,36,COMPLETE
28,26.80246142816654,2026-06-08 00:52:41.157606,2026-06-08 00:52:43.211690,0 days 00:00:02.054084,False,False,True,False,Lasso,exclude,standard,True,36,COMPLETE
29,24.922516113900738,2026-06-08 00:52:42.510318,2026-06-08 00:52:43.799510,0 days 00:00:01.289192,False,False,True,False,Lasso,exclude,standard,True,24,COMPLETE
30,26.80246142816654,2026-06-08 00:52:42.997505,2026-06-08 00:52:46.264729,0 days 00:00:03.267224,False,False,True,False,Lasso,exclude,standard,True,36,COMPLETE
31,51.71853350945668,2026-06-08 00:52:43.235268,2026-06-08 00:52:46.308961,0 days 00:00:03.073693,False,False,True,False,LinearRegression,exclude,standard,True,36,COMPLETE
32,33.63795227926105,2026-06-08 00:52:43.801605,2026-06-08 00:52:45.126756,0 days 00:00:01.325151,False,False,True,False,LinearRegression,exclude,standard,True,24,COMPLETE
33,31.229903955146348,2026-06-08 00:52:45.132072,2026-06-08 00:52:47.017845,0 days 00:00:01.885773,False,False,True,False,Lasso,exclude,diff,True,24,COMPLETE
34,31.229903955146348,2026-06-08 00:52:45.185309,2026-06-08 00:52:47.407102,0 days 00:00:02.221793,False,False,True,False,Lasso,none,diff,True,24,COMPLETE
35,30.06295047812721,2026-06-08 00:52:46.075858,2026-06-08 00:52:48.940473,0 days 00:00:02.864615,False,False,True,False,Ridge,none,diff,True,24,COMPLETE
36,30.06295047812721,2026-06-08 00:52:46.298841,2026-06-08 00:52:48.972966,0 days 00:00:02.674125,False,False,True,False,Ridge,none,diff,True,24,COMPLETE
37,24.922516113900738,2026-06-08 00:52:46.315935,2026-06-08 00:52:49.007639,0 days 00:00:02.691704,False,False,True,False,Lasso,exclude,standard,True,24,COMPLETE
38,29.91095691300095,2026-06-08 00:52:47.029848,2026-06-08 00:52:49.603572,0 days 00:00:02.573724,False,False,True,False,Ridge,exclude,standard,True,24,COMPLETE
39,37.279970398620435,2026-06-08 00:52:47.408402,2026-06-08 00:52:52.078934,0 days 00:00:04.670532,False,False,True,False,Ridge,exclude,standard,True,36,COMPLETE
40,26.80246142816654,2026-06-08 00:52:48.944882,2026-06-08 00:52:53.798410,0 days 00:00:04.853528,False,False,True,False,Lasso,exclude,standard,True,36,COMPLETE
41,26.80246142816654,2026-06-08 00:52:48.978377,2026-06-08 00:52:53.241558,0 days 00:00:04.263181,False,False,True,False,Lasso,exclude,standard,True,36,COMPLETE
42,24.90230325955151,2026-06-08 00:52:49.010415,2026-06-08 00:52:50.952574,0 days 00:00:01.942159,False,False,False,False,Lasso,exclude,standard,True,24,COMPLETE
43,24.97902933505944,2026-06-08 00:52:49.606742,2026-06-08 00:52:52.414751,0 days 00:00:02.808009,True,False,False,False,ElasticNet,winsorize,standard,True,24,COMPLETE
44,24.97902933505944,2026-06-08 00:52:50.958979,2026-06-08 00:52:53.877283,0 days 00:00:02.918304,True,False,False,False,ElasticNet,winsorize,standard,True,24,COMPLETE
45,24.97902933505944,2026-06-08 00:52:51.163344,2026-06-08 00:52:54.154147,0 days 00:00:02.990803,True,False,False,False,ElasticNet,winsorize,standard,True,24,COMPLETE
46,24.84239518769302,2026-06-08 00:52:52.136104,2026-06-08 00:52:56.147779,0 days 00:00:04.011675,True,False,False,True,ElasticNet,winsorize,standard,True,24,COMPLETE
47,24.97902933505944,2026-06-08 00:52:52.444235,2026-06-08 00:52:56.176271,0 days 00:00:03.732036,True,False,False,False,ElasticNet,winsorize,standard,True,24,COMPLETE
48,24.97902933505944,2026-06-08 00:52:53.325878,2026-06-08 00:52:57.193172,0 days 00:00:03.867294,True,False,False,False,ElasticNet,winsorize,standard,True,24,COMPLETE
49,24.97902933505944,2026-06-08 00:52:53.834330,2026-06-08 00:52:57.180299,0 days 00:00:03.345969,True,False,False,False,ElasticNet,winsorize,standard,True,24,COMPLETE
50,39.37024314638908,2026-06-08 00:52:53.915082,2026-06-08 00:52:57.069332,0 days 00:00:03.154250,True,False,False,True,ElasticNet,winsorize,seasonal_diff,True,24,COMPLETE
51,36.22436841888865,2026-06-08 00:52:54.158377,2026-06-08 00:52:56.465060,0 days 00:00:02.306683,True,False,False,True,ElasticNet,winsorize,seasonal_diff,False,24,COMPLETE
52,32.95465752503584,2026-06-08 00:52:56.180298,2026-06-08 00:52:57.533755,0 days 00:00:01.353457,True,True,False,True,ElasticNet,winsorize,seasonal_diff,False,24,COMPLETE
53,32.95465752503584,2026-06-08 00:52:56.209339,2026-06-08 00:52:57.624658,0 days 00:00:01.415319,True,True,False,True,ElasticNet,winsorize,seasonal_diff,False,24,COMPLETE
54,28.227621570602352,2026-06-08 00:52:56.512184,2026-06-08 00:52:57.810037,0 days 00:00:01.297853,True,True,False,True,ElasticNet,winsorize,none,False,24,COMPLETE
55,24.44245966642805,2026-06-08 00:52:57.138374,2026-06-08 00:52:58.653364,0 days 00:00:01.514990,True,True,False,True,SVR_rbf,winsorize,none,False,24,COMPLETE
56,24.44245966642805,2026-06-08 00:52:57.188513,2026-06-08 00:52:58.890456,0 days 00:00:01.701943,True,True,False,True,SVR_rbf,winsorize,none,False,24,COMPLETE
57,26.877628437467482,2026-06-08 00:52:57.198517,2026-06-08 00:52:58.557118,0 days 00:00:01.358601,True,True,False,True,SVR_rbf,winsorize,standard,False,24,COMPLETE
58,27.08460331199576,2026-06-08 00:52:57.547709,2026-06-08 00:52:59.902683,0 days 00:00:02.354974,True,True,False,True,SVR_rbf,winsorize,standard,True,24,COMPLETE
59,26.38872354563172,2026-06-08 00:52:57.631059,2026-06-08 00:53:00.080658,0 days 00:00:02.449599,True,False,False,True,SVR_rbf,winsorize,none,True,24,COMPLETE
60,26.60602039192156,2026-06-08 00:52:57.811643,2026-06-08 00:53:00.052478,0 days 00:00:02.240835,True,False,False,True,SVR_rbf,dummy,standard,True,24,COMPLETE
61,28.637311764430336,2026-06-08 00:52:58.561179,2026-06-08 00:53:05.888839,0 days 00:00:07.327660,True,False,False,True,GradientBoosting,dummy,standard,True,24,COMPLETE
62,26.877628437467482,2026-06-08 00:52:58.655939,2026-06-08 00:53:00.160837,0 days 00:00:01.504898,True,True,False,True,SVR_rbf,dummy,standard,False,24,COMPLETE
63,24.44245966642805,2026-06-08 00:52:58.916843,2026-06-08 00:53:00.210877,0 days 00:00:01.294034,True,True,False,True,SVR_rbf,dummy,none,False,24,COMPLETE
64,24.44245966642805,2026-06-08 00:52:59.933404,2026-06-08 00:53:00.355218,0 days 00:00:00.421814,True,True,False,True,SVR_rbf,dummy,none,False,24,COMPLETE
65,24.44245966642805,2026-06-08 00:53:00.055197,2026-06-08 00:53:00.414413,0 days 00:00:00.359216,True,True,False,True,SVR_rbf,dummy,none,False,24,COMPLETE
66,24.44245966642805,2026-06-08 00:53:00.087457,2026-06-08 00:53:00.467888,0 days 00:00:00.380431,True,True,False,True,SVR_rbf,dummy,none,False,24,COMPLETE
67,28.50866264055668,2026-06-08 00:53:00.161754,2026-06-08 00:53:06.008082,0 days 00:00:05.846328,True,True,False,True,GradientBoosting,winsorize,none,False,24,COMPLETE
68,24.44245966642805,2026-06-08 00:53:00.212835,2026-06-08 00:53:00.590373,0 days 00:00:00.377538,True,True,False,True,SVR_rbf,dummy,none,False,24,COMPLETE
69,24.44245966642805,2026-06-08 00:53:00.359966,2026-06-08 00:53:00.666068,0 days 00:00:00.306102,True,True,False,True,SVR_rbf,dummy,none,False,24,COMPLETE
70,24.44245966642805,2026-06-08 00:53:00.416035,2026-06-08 00:53:00.763285,0 days 00:00:00.347250,True,True,False,True,SVR_rbf,dummy,none,False,24,COMPLETE
71,24.44245966642805,2026-06-08 00:53:00.472549,2026-06-08 00:53:00.805821,0 days 00:00:00.333272,True,True,False,True,SVR_rbf,dummy,none,False,24,COMPLETE
72,24.44245966642805,2026-06-08 00:53:00.592119,2026-06-08 00:53:00.908569,0 days 00:00:00.316450,True,True,False,True,SVR_rbf,dummy,none,False,24,COMPLETE
73,24.44245966642805,2026-06-08 00:53:00.668818,2026-06-08 00:53:00.986252,0 days 00:00:00.317434,True,True,False,True,SVR_rbf,dummy,none,False,24,COMPLETE
74,28.106560963778172,2026-06-08 00:53:00.765545,2026-06-08 00:53:01.054157,0 days 00:00:00.288612,True,True,False,True,SVR_rbf,dummy,none,False,48,COMPLETE
75,28.106560963778172,2026-06-08 00:53:00.808259,2026-06-08 00:53:01.083688,0 days 00:00:00.275429,True,True,False,True,SVR_rbf,dummy,none,False,48,COMPLETE
76,28.106560963778172,2026-06-08 00:53:00.909394,2026-06-08 00:53:01.189154,0 days 00:00:00.279760,True,True,False,True,SVR_rbf,dummy,none,False,48,COMPLETE
77,28.106560963778172,2026-06-08 00:53:00.990217,2026-06-08 00:53:01.229703,0 days 00:00:00.239486,True,True,False,True,SVR_rbf,dummy,none,False,48,COMPLETE
78,24.44245966642805,2026-06-08 00:53:01.056135,2026-06-08 00:53:01.359868,0 days 00:00:00.303733,True,True,False,True,SVR_rbf,dummy,none,False,24,COMPLETE
79,24.44245966642805,2026-06-08 00:53:01.091098,2026-06-08 00:53:01.397409,0 days 00:00:00.306311,True,True,False,True,SVR_rbf,dummy,none,False,24,COMPLETE
80,28.50866264055668,2026-06-08 00:53:01.192398,2026-06-08 00:53:06.376318,0 days 00:00:05.183920,True,True,False,True,GradientBoosting,dummy,none,False,24,COMPLETE
81,23.760183984374997,2026-06-08 00:53:01.231422,2026-06-08 00:53:02.222693,0 days 00:00:00.991271,True,True,False,True,KNN,dummy,none,False,24,COMPLETE
82,28.50866264055668,2026-06-08 00:53:01.363408,2026-06-08 00:53:06.420023,0 days 00:00:05.056615,True,True,False,True,GradientBoosting,dummy,none,False,24,COMPLETE
83,23.760183984374997,2026-06-08 00:53:01.402113,2026-06-08 00:53:02.338038,0 days 00:00:00.935925,True,True,False,True,KNN,dummy,none,False,24,COMPLETE
84,28.50866264055668,2026-06-08 00:53:01.545961,2026-06-08 00:53:06.557452,0 days 00:00:05.011491,True,True,False,True,GradientBoosting,dummy,none,False,24,COMPLETE
85,23.760183984374997,2026-06-08 00:53:02.225715,2026-06-08 00:53:02.888303,0 days 00:00:00.662588,True,True,False,True,KNN,dummy,none,False,24,COMPLETE
86,23.760183984374997,2026-06-08 00:53:02.342428,2026-06-08 00:53:03.199266,0 days 00:00:00.856838,True,True,False,True,KNN,dummy,none,False,24,COMPLETE
87,23.760183984374997,2026-06-08 00:53:02.890168,2026-06-08 00:53:03.832782,0 days 00:00:00.942614,True,True,False,True,KNN,dummy,none,False,24,COMPLETE
88,23.760183984374997,2026-06-08 00:53:03.201703,2026-06-08 00:53:03.996302,0 days 00:00:00.794599,True,True,False,True,KNN,dummy,none,False,24,COMPLETE
89,23.760183984374997,2026-06-08 00:53:03.840126,2026-06-08 00:53:04.867589,0 days 00:00:01.027463,True,True,False,True,KNN,dummy,none,False,24,COMPLETE
90,23.760183984374997,2026-06-08 00:53:03.998908,2026-06-08 00:53:04.951676,0 days 00:00:00.952768,True,True,False,True,KNN,dummy,none,False,24,COMPLETE
91,23.760183984374997,2026-06-08 00:53:04.869644,2026-06-08 00:53:05.498528,0 days 00:00:00.628884,True,True,False,True,KNN,dummy,none,False,24,COMPLETE
92,23.760183984374997,2026-06-08 00:53:04.957784,2026-06-08 00:53:05.588841,0 days 00:00:00.631057,True,True,False,True,KNN,dummy,none,False,24,COMPLETE
93,23.760183984374997,2026-06-08 00:53:05.500783,2026-06-08 00:53:06.182621,0 days 00:00:00.681838,True,True,False,True,KNN,dummy,none,False,24,COMPLETE
94,27.25618058258019,2026-06-08 00:53:05.592095,2026-06-08 00:53:06.269265,0 days 00:00:00.677170,True,True,False,True,KNN,dummy,log_diff,False,24,COMPLETE
95,27.25618058258019,2026-06-08 00:53:05.892567,2026-06-08 00:53:06.690586,0 days 00:00:00.798019,True,True,False,True,KNN,dummy,log_diff,False,24,COMPLETE
96,27.25618058258019,2026-06-08 00:53:06.011957,2026-06-08 00:53:06.808385,0 days 00:00:00.796428,True,True,False,True,KNN,dummy,log_diff,False,24,COMPLETE
97,27.25618058258019,2026-06-08 00:53:06.186757,2026-06-08 00:53:07.041010,0 days 00:00:00.854253,True,True,False,True,KNN,dummy,log_diff,False,24,COMPLETE
98,23.760183984374997,2026-06-08 00:53:06.270556,2026-06-08 00:53:07.145223,0 days 00:00:00.874667,True,True,False,True,KNN,dummy,none,False,24,COMPLETE
99,23.760183984374997,2026-06-08 00:53:06.379494,2026-06-08 00:53:07.182411,0 days 00:00:00.802917,True,True,False,True,KNN,dummy,none,False,24,COMPLETE
100,23.760183984374997,2026-06-08 00:53:06.428110,2026-06-08 00:53:07.273020,0 days 00:00:00.844910,True,True,False,True,KNN,dummy,none,False,24,COMPLETE
101,23.760183984374997,2026-06-08 00:53:06.560173,2026-06-08 00:53:07.393855,0 days 00:00:00.833682,True,True,False,True,KNN,dummy,none,False,24,COMPLETE
102,23.760183984374997,2026-06-08 00:53:06.692528,2026-06-08 00:53:07.496186,0 days 00:00:00.803658,True,True,False,True,KNN,dummy,none,False,24,COMPLETE
103,23.760183984374997,2026-06-08 00:53:06.811718,2026-06-08 00:53:07.636755,0 days 00:00:00.825037,True,True,False,True,KNN,dummy,none,False,24,COMPLETE
104,23.760183984374997,2026-06-08 00:53:07.044584,2026-06-08 00:53:07.854260,0 days 00:00:00.809676,True,True,False,True,KNN,dummy,none,False,24,COMPLETE
105,23.760183984374997,2026-06-08 00:53:07.151021,2026-06-08 00:53:07.979333,0 days 00:00:00.828312,True,True,False,True,KNN,dummy,none,False,24,COMPLETE
106,23.760183984374997,2026-06-08 00:53:07.186661,2026-06-08 00:53:08.007668,0 days 00:00:00.821007,True,True,False,True,KNN,none,none,False,24,COMPLETE
107,23.760183984374997,2026-06-08 00:53:07.275936,2026-06-08 00:53:08.075256,0 days 00:00:00.799320,True,True,False,True,KNN,dummy,none,False,24,COMPLETE
108,23.760183984374997,2026-06-08 00:53:07.396552,2026-06-08 00:53:08.189065,0 days 00:00:00.792513,True,True,False,True,KNN,dummy,none,False,24,COMPLETE
109,23.760183984374997,2026-06-08 00:53:07.501202,2026-06-08 00:53:08.309822,0 days 00:00:00.808620,True,True,False,True,KNN,none,none,False,24,COMPLETE
110,23.760183984374997,2026-06-08 00:53:07.641248,2026-06-08 00:53:08.446362,0 days 00:00:00.805114,True,True,False,True,KNN,none,none,False,24,COMPLETE
111,28.43204240234375,2026-06-08 00:53:07.858176,2026-06-08 00:53:08.696294,0 days 00:00:00.838118,True,True,False,True,KNN,none,diff,False,24,COMPLETE
112,28.43204240234375,2026-06-08 00:53:07.982648,2026-06-08 00:53:08.811397,0 days 00:00:00.828749,True,True,False,True,KNN,none,diff,False,24,COMPLETE
113,28.43204240234375,2026-06-08 00:53:08.014068,2026-06-08 00:53:08.857366,0 days 00:00:00.843298,True,True,False,True,KNN,dummy,diff,False,24,COMPLETE
114,28.43204240234375,2026-06-08 00:53:08.078741,2026-06-08 00:53:08.863979,0 days 00:00:00.785238,True,True,False,True,KNN,dummy,diff,False,24,COMPLETE
115,28.43204240234375,2026-06-08 00:53:08.195199,2026-06-08 00:53:09.028737,0 days 00:00:00.833538,True,True,False,True,KNN,dummy,diff,False,24,COMPLETE
116,28.43204240234375,2026-06-08 00:53:08.312197,2026-06-08 00:53:09.145912,0 days 00:00:00.833715,True,True,False,True,KNN,dummy,diff,False,24,COMPLETE
117,28.43204240234375,2026-06-08 00:53:08.450008,2026-06-08 00:53:09.373701,0 days 00:00:00.923693,True,True,False,True,KNN,dummy,diff,False,24,COMPLETE
118,23.760183984374997,2026-06-08 00:53:08.701015,2026-06-08 00:53:09.625845,0 days 00:00:00.924830,True,True,False,True,KNN,dummy,none,False,24,COMPLETE
119,23.760183984374997,2026-06-08 00:53:08.814652,2026-06-08 00:53:09.716957,0 days 00:00:00.902305,True,True,False,True,KNN,dummy,none,False,24,COMPLETE
120,33.65738086914062,2026-06-08 00:53:08.861286,2026-06-08 00:53:09.128545,0 days 00:00:00.267259,True,True,False,True,DecisionTree,dummy,none,False,24,COMPLETE
121,29.67443491137523,2026-06-08 00:53:08.869272,2026-06-08 00:53:09.098285,0 days 00:00:00.229013,True,True,False,True,LinearRegression,dummy,none,False,24,COMPLETE
122,33.65738086914062,2026-06-08 00:53:09.033413,2026-06-08 00:53:09.342221,0 days 00:00:00.308808,True,True,False,True,DecisionTree,dummy,none,False,24,COMPLETE
123,33.65738086914062,2026-06-08 00:53:09.104542,2026-06-08 00:53:09.391405,0 days 00:00:00.286863,True,True,False,True,DecisionTree,dummy,none,False,24,COMPLETE
124,23.760183984374997,2026-06-08 00:53:09.130144,2026-06-08 00:53:09.986996,0 days 00:00:00.856852,True,True,False,True,KNN,dummy,none,False,24,COMPLETE
125,23.760183984374997,2026-06-08 00:53:09.159240,2026-06-08 00:53:10.006140,0 days 00:00:00.846900,True,True,False,True,KNN,dummy,none,False,24,COMPLETE
126,23.760183984374997,2026-06-08 00:53:09.344759,2026-06-08 00:53:10.153515,0 days 00:00:00.808756,True,True,False,True,KNN,dummy,none,False,24,COMPLETE
127,23.760183984374997,2026-06-08 00:53:09.377200,2026-06-08 00:53:10.224232,0 days 00:00:00.847032,True,True,False,True,KNN,dummy,none,False,24,COMPLETE
128,23.760183984374997,2026-06-08 00:53:09.394632,2026-06-08 00:53:10.194890,0 days 00:00:00.800258,True,True,False,True,KNN,dummy,none,False,24,COMPLETE
129,23.760183984374997,2026-06-08 00:53:09.630518,2026-06-08 00:53:10.426507,0 days 00:00:00.795989,True,True,False,True,KNN,dummy,none,False,24,COMPLETE
130,23.760183984374997,2026-06-08 00:53:09.720135,2026-06-08 00:53:10.519007,0 days 00:00:00.798872,True,True,False,True,KNN,dummy,none,False,24,COMPLETE
131,23.760183984374997,2026-06-08 00:53:09.992067,2026-06-08 00:53:10.819164,0 days 00:00:00.827097,True,True,False,True,KNN,dummy,none,False,24,COMPLETE
132,23.760183984374997,2026-06-08 00:53:10.007291,2026-06-08 00:53:10.857345,0 days 00:00:00.850054,True,True,False,True,KNN,dummy,none,False,24,COMPLETE
133,23.760183984374997,2026-06-08 00:53:10.156650,2026-06-08 00:53:10.989288,0 days 00:00:00.832638,True,True,False,True,KNN,dummy,none,False,24,COMPLETE
134,23.760183984374997,2026-06-08 00:53:10.199373,2026-06-08 00:53:11.036129,0 days 00:00:00.836756,True,True,False,True,KNN,dummy,none,False,24,COMPLETE
135,31.792741614583328,2026-06-08 00:53:10.227439,2026-06-08 00:53:10.882902,0 days 00:00:00.655463,True,True,False,True,KNN,dummy,seasonal_diff,False,24,COMPLETE
136,32.38008192708333,2026-06-08 00:53:10.434949,2026-06-08 00:53:11.193869,0 days 00:00:00.758920,True,True,False,True,KNN,dummy,seasonal_diff,False,36,COMPLETE
137,23.760183984374997,2026-06-08 00:53:10.523512,2026-06-08 00:53:11.512343,0 days 00:00:00.988831,True,True,False,True,KNN,dummy,none,False,24,COMPLETE
138,23.760183984374997,2026-06-08 00:53:10.824273,2026-06-08 00:53:11.840531,0 days 00:00:01.016258,True,True,False,True,KNN,dummy,none,False,24,COMPLETE
139,31.792741614583328,2026-06-08 00:53:10.859948,2026-06-08 00:53:11.720294,0 days 00:00:00.860346,True,True,False,True,KNN,dummy,seasonal_diff,False,24,COMPLETE
140,28.957136191961087,2026-06-08 00:53:10.889531,2026-06-08 00:53:11.103442,0 days 00:00:00.213911,True,True,False,True,Ridge,dummy,none,False,24,COMPLETE
141,38.32490914709794,2026-06-08 00:53:10.994419,2026-06-08 00:53:11.273571,0 days 00:00:00.279152,True,True,False,True,LinearRegression,dummy,none,False,36,COMPLETE
142,30.24757015446272,2026-06-08 00:53:11.044496,2026-06-08 00:53:11.338261,0 days 00:00:00.293765,True,True,False,True,Ridge,dummy,none,False,36,COMPLETE
143,38.32490914709794,2026-06-08 00:53:11.107331,2026-06-08 00:53:11.442024,0 days 00:00:00.334693,True,True,False,True,LinearRegression,dummy,none,False,36,COMPLETE
144,148.71516872829062,2026-06-08 00:53:11.198069,2026-06-08 00:53:11.421127,0 days 00:00:00.223058,True,True,False,True,LinearRegression,dummy,none,False,48,COMPLETE
145,26.776786249999997,2026-06-08 00:53:11.277248,2026-06-08 00:53:11.994017,0 days 00:00:00.716769,True,True,False,True,KNN,dummy,none,False,48,COMPLETE
146,26.776786249999997,2026-06-08 00:53:11.342806,2026-06-08 00:53:11.986526,0 days 00:00:00.643720,True,True,False,True,KNN,dummy,none,False,48,COMPLETE
147,23.760183984374997,2026-06-08 00:53:11.425533,2026-06-08 00:53:12.296679,0 days 00:00:00.871146,True,True,False,True,KNN,dummy,none,False,24,COMPLETE
148,23.760183984374997,2026-06-08 00:53:11.447056,2026-06-08 00:53:12.327442,0 days 00:00:00.880386,True,True,False,True,KNN,dummy,none,False,24,COMPLETE
149,23.760183984374997,2026-06-08 00:53:11.514342,2026-06-08 00:53:12.356122,0 days 00:00:00.841780,True,True,False,True,KNN,dummy,none,False,24,COMPLETE
150,23.760183984374997,2026-06-08 00:53:11.725935,2026-06-08 00:53:12.587542,0 days 00:00:00.861607,True,True,False,True,KNN,dummy,none,False,24,COMPLETE
151,23.760183984374997,2026-06-08 00:53:11.844458,2026-06-08 00:53:12.659716,0 days 00:00:00.815258,True,True,False,True,KNN,dummy,none,False,24,COMPLETE
152,23.760183984374997,2026-06-08 00:53:11.989371,2026-06-08 00:53:12.834365,0 days 00:00:00.844994,True,True,False,True,KNN,dummy,none,False,24,COMPLETE
153,23.760183984374997,2026-06-08 00:53:11.997836,2026-06-08 00:53:12.858141,0 days 00:00:00.860305,True,True,False,True,KNN,dummy,none,False,24,COMPLETE
154,23.760183984374997,2026-06-08 00:53:12.299096,2026-06-08 00:53:13.131120,0 days 00:00:00.832024,True,True,False,True,KNN,dummy,none,False,24,COMPLETE
155,23.760183984374997,2026-06-08 00:53:12.329829,2026-06-08 00:53:13.197576,0 days 00:00:00.867747,True,True,False,True,KNN,dummy,none,False,24,COMPLETE
156,23.760183984374997,2026-06-08 00:53:12.361509,2026-06-08 00:53:13.179989,0 days 00:00:00.818480,True,True,False,True,KNN,dummy,none,False,24,COMPLETE
157,23.760183984374997,2026-06-08 00:53:12.591781,2026-06-08 00:53:13.402089,0 days 00:00:00.810308,True,True,False,True,KNN,dummy,none,False,24,COMPLETE
158,23.760183984374997,2026-06-08 00:53:12.663152,2026-06-08 00:53:13.497490,0 days 00:00:00.834338,True,True,False,True,KNN,dummy,none,False,24,COMPLETE
159,23.760183984374997,2026-06-08 00:53:12.838473,2026-06-08 00:53:13.671761,0 days 00:00:00.833288,True,True,False,True,KNN,dummy,none,False,24,COMPLETE
160,23.760183984374997,2026-06-08 00:53:12.862673,2026-06-08 00:53:13.690972,0 days 00:00:00.828299,True,True,False,True,KNN,dummy,none,False,24,COMPLETE
161,23.760183984374997,2026-06-08 00:53:13.134493,2026-06-08 00:53:13.956946,0 days 00:00:00.822453,True,True,False,True,KNN,dummy,none,False,24,COMPLETE
162,23.760183984374997,2026-06-08 00:53:13.182874,2026-06-08 00:53:13.999045,0 days 00:00:00.816171,True,True,False,True,KNN,dummy,none,False,24,COMPLETE
163,23.760183984374997,2026-06-08 00:53:13.199651,2026-06-08 00:53:14.021716,0 days 00:00:00.822065,True,True,False,True,KNN,dummy,none,False,24,COMPLETE
164,23.760183984374997,2026-06-08 00:53:13.406778,2026-06-08 00:53:14.252846,0 days 00:00:00.846068,True,True,False,True,KNN,dummy,none,False,24,COMPLETE
165,23.760183984374997,2026-06-08 00:53:13.501143,2026-06-08 00:53:14.259328,0 days 00:00:00.758185,True,True,False,True,KNN,dummy,none,False,24,COMPLETE
166,23.760183984374997,2026-06-08 00:53:13.676415,2026-06-08 00:53:14.528403,0 days 00:00:00.851988,True,True,False,True,KNN,dummy,none,False,24,COMPLETE
167,23.760183984374997,2026-06-08 00:53:13.693276,2026-06-08 00:53:14.469167,0 days 00:00:00.775891,True,True,False,True,KNN,dummy,none,False,24,COMPLETE
168,23.760183984374997,2026-06-08 00:53:13.960521,2026-06-08 00:53:14.765545,0 days 00:00:00.805024,True,True,False,True,KNN,dummy,none,False,24,COMPLETE
169,23.760183984374997,2026-06-08 00:53:14.003289,2026-06-08 00:53:14.849918,0 days 00:00:00.846629,True,True,False,True,KNN,dummy,none,False,24,COMPLETE
170,23.760183984374997,2026-06-08 00:53:14.026597,2026-06-08 00:53:14.811020,0 days 00:00:00.784423,True,True,False,True,KNN,dummy,none,False,24,COMPLETE
171,23.760183984374997,2026-06-08 00:53:14.256670,2026-06-08 00:53:15.059515,0 days 00:00:00.802845,True,True,False,True,KNN,dummy,none,False,24,COMPLETE
172,23.760183984374997,2026-06-08 00:53:14.263314,2026-06-08 00:53:15.090041,0 days 00:00:00.826727,True,True,False,True,KNN,dummy,none,False,24,COMPLETE
173,23.760183984374997,2026-06-08 00:53:14.473533,2026-06-08 00:53:15.277861,0 days 00:00:00.804328,True,True,False,True,KNN,dummy,none,False,24,COMPLETE
174,27.25618058258019,2026-06-08 00:53:14.530341,2026-06-08 00:53:15.352489,0 days 00:00:00.822148,True,True,False,True,KNN,dummy,log_diff,False,24,COMPLETE
175,27.25618058258019,2026-06-08 00:53:14.770035,2026-06-08 00:53:15.606250,0 days 00:00:00.836215,True,True,False,True,KNN,dummy,log_diff,False,24,COMPLETE
176,23.760183984374997,2026-06-08 00:53:14.815129,2026-06-08 00:53:15.631642,0 days 00:00:00.816513,True,True,False,True,KNN,dummy,none,False,24,COMPLETE
177,23.760183984374997,2026-06-08 00:53:14.855351,2026-06-08 00:53:15.714749,0 days 00:00:00.859398,True,True,False,True,KNN,dummy,none,False,24,COMPLETE
178,23.760183984374997,2026-06-08 00:53:15.063101,2026-06-08 00:53:15.849971,0 days 00:00:00.786870,True,True,False,True,KNN,dummy,none,False,24,COMPLETE
179,27.25618058258019,2026-06-08 00:53:15.092689,2026-06-08 00:53:15.935339,0 days 00:00:00.842650,True,True,False,True,KNN,dummy,log_diff,False,24,COMPLETE
180,23.760183984374997,2026-06-08 00:53:15.281766,2026-06-08 00:53:16.164524,0 days 00:00:00.882758,True,True,False,True,KNN,dummy,none,False,24,COMPLETE
181,23.760183984374997,2026-06-08 00:53:15.355113,2026-06-08 00:53:16.231639,0 days 00:00:00.876526,True,True,False,True,KNN,dummy,none,False,24,COMPLETE
182,23.760183984374997,2026-06-08 00:53:15.609948,2026-06-08 00:53:16.522177,0 days 00:00:00.912229,True,True,False,True,KNN,dummy,none,False,24,COMPLETE
183,23.760183984374997,2026-06-08 00:53:15.635793,2026-06-08 00:53:16.497907,0 days 00:00:00.862114,True,True,False,True,KNN,dummy,none,False,24,COMPLETE
184,23.760183984374997,2026-06-08 00:53:15.719694,2026-06-08 00:53:16.615150,0 days 00:00:00.895456,True,True,False,True,KNN,dummy,none,False,24,COMPLETE
185,33.65738086914062,2026-06-08 00:53:15.853849,2026-06-08 00:53:16.093308,0 days 00:00:00.239459,True,True,False,True,DecisionTree,dummy,none,False,24,COMPLETE
186,23.760183984374997,2026-06-08 00:53:15.938524,2026-06-08 00:53:16.816493,0 days 00:00:00.877969,True,True,False,True,KNN,dummy,none,False,24,COMPLETE
187,23.760183984374997,2026-06-08 00:53:16.095283,2026-06-08 00:53:16.977224,0 days 00:00:00.881941,True,True,False,True,KNN,dummy,none,False,24,COMPLETE
188,23.760183984374997,2026-06-08 00:53:16.167612,2026-06-08 00:53:17.017182,0 days 00:00:00.849570,True,True,False,True,KNN,dummy,none,False,24,COMPLETE
189,23.760183984374997,2026-06-08 00:53:16.247708,2026-06-08 00:53:17.070043,0 days 00:00:00.822335,True,True,False,True,KNN,dummy,none,False,24,COMPLETE
190,23.760183984374997,2026-06-08 00:53:16.501667,2026-06-08 00:53:17.404069,0 days 00:00:00.902402,True,True,False,True,KNN,dummy,none,False,24,COMPLETE
191,23.760183984374997,2026-06-08 00:53:16.525128,2026-06-08 00:53:17.511046,0 days 00:00:00.985918,True,True,False,True,KNN,dummy,none,False,24,COMPLETE
192,23.760183984374997,2026-06-08 00:53:16.619596,2026-06-08 00:53:17.583549,0 days 00:00:00.963953,True,True,False,True,KNN,dummy,none,False,24,COMPLETE
193,23.760183984374997,2026-06-08 00:53:16.820097,2026-06-08 00:53:17.782262,0 days 00:00:00.962165,True,True,False,True,KNN,dummy,none,False,24,COMPLETE
194,28.957136191961087,2026-06-08 00:53:16.979979,2026-06-08 00:53:17.304219,0 days 00:00:00.324240,True,True,False,True,Ridge,dummy,none,False,24,COMPLETE
195,28.957136191961087,2026-06-08 00:53:17.021670,2026-06-08 00:53:17.262800,0 days 00:00:00.241130,True,True,False,True,Ridge,dummy,none,False,24,COMPLETE
196,28.957136191961087,2026-06-08 00:53:17.074174,2026-06-08 00:53:17.361795,0 days 00:00:00.287621,True,True,False,True,Ridge,dummy,none,False,24,COMPLETE
197,23.760183984374997,2026-06-08 00:53:17.271290,2026-06-08 00:53:18.200760,0 days 00:00:00.929470,True,True,False,True,KNN,none,none,False,24,COMPLETE
198,23.760183984374997,2026-06-08 00:53:17.306103,2026-06-08 00:53:18.165248,0 days 00:00:00.859145,True,True,False,True,KNN,none,none,False,24,COMPLETE
199,23.760183984374997,2026-06-08 00:53:17.366719,2026-06-08 00:53:18.217403,0 days 00:00:00.850684,True,True,False,True,KNN,none,none,False,24,COMPLETE
200,23.760183984374997,2026-06-08 00:53:17.411215,2026-06-08 00:53:18.252726,0 days 00:00:00.841511,True,True,False,True,KNN,dummy,none,False,24,COMPLETE
201,28.50866264055668,2026-06-08 00:53:17.513973,2026-06-08 00:53:21.611233,0 days 00:00:04.097260,True,True,False,True,GradientBoosting,none,none,False,24,COMPLETE
202,23.56875776041667,2026-06-08 00:53:17.586754,2026-06-08 00:53:18.439175,0 days 00:00:00.852421,True,True,True,True,KNN,none,none,False,24,COMPLETE
203,28.116040826602777,2026-06-08 00:53:17.786724,2026-06-08 00:53:21.785787,0 days 00:00:03.999063,True,True,True,True,GradientBoosting,none,none,False,24,COMPLETE
204,28.116040826602777,2026-06-08 00:53:18.168851,2026-06-08 00:53:22.214855,0 days 00:00:04.046004,True,True,True,True,GradientBoosting,none,none,False,24,COMPLETE
205,23.56875776041667,2026-06-08 00:53:18.206924,2026-06-08 00:53:18.991145,0 days 00:00:00.784221,True,True,True,True,KNN,none,none,False,24,COMPLETE
206,28.440748374488233,2026-06-08 00:53:18.221537,2026-06-08 00:53:22.054747,0 days 00:00:03.833210,False,True,True,True,GradientBoosting,none,none,False,24,COMPLETE
207,28.116040826602777,2026-06-08 00:53:18.256468,2026-06-08 00:53:22.241084,0 days 00:00:03.984616,True,True,True,True,GradientBoosting,none,none,False,24,COMPLETE
208,28.116040826602777,2026-06-08 00:53:18.442068,2026-06-08 00:53:22.290707,0 days 00:00:03.848639,True,True,True,True,GradientBoosting,none,none,False,24,COMPLETE
209,23.56875776041667,2026-06-08 00:53:18.993201,2026-06-08 00:53:19.728779,0 days 00:00:00.735578,True,True,True,True,KNN,none,none,False,24,COMPLETE
210,28.116040826602777,2026-06-08 00:53:19.730190,2026-06-08 00:53:23.680665,0 days 00:00:03.950475,True,True,True,True,GradientBoosting,none,none,False,24,COMPLETE
211,22.719694374999996,2026-06-08 00:53:21.613089,2026-06-08 00:53:22.386659,0 days 00:00:00.773570,False,True,True,True,KNN,none,none,False,24,COMPLETE
212,22.719694374999996,2026-06-08 00:53:21.789319,2026-06-08 00:53:22.650808,0 days 00:00:00.861489,False,True,True,True,KNN,none,none,False,24,COMPLETE
213,31.260083125000005,2026-06-08 00:53:22.056859,2026-06-08 00:53:22.786582,0 days 00:00:00.729723,True,True,True,True,KNN,none,seasonal_diff,False,24,COMPLETE
214,31.260083125000005,2026-06-08 00:53:22.217009,2026-06-08 00:53:22.967054,0 days 00:00:00.750045,True,True,True,True,KNN,none,seasonal_diff,False,24,COMPLETE
215,31.260083125000005,2026-06-08 00:53:22.244160,2026-06-08 00:53:22.956670,0 days 00:00:00.712510,True,True,True,True,KNN,none,seasonal_diff,False,24,COMPLETE
216,31.260083125000005,2026-06-08 00:53:22.293241,2026-06-08 00:53:22.995242,0 days 00:00:00.702001,True,True,True,True,KNN,none,seasonal_diff,False,24,COMPLETE
217,22.719694374999996,2026-06-08 00:53:22.391039,2026-06-08 00:53:23.259173,0 days 00:00:00.868134,False,True,True,True,KNN,none,none,False,24,COMPLETE
218,22.719694374999996,2026-06-08 00:53:22.656629,2026-06-08 00:53:23.495840,0 days 00:00:00.839211,False,True,True,True,KNN,none,none,False,24,COMPLETE
219,22.719694374999996,2026-06-08 00:53:22.792522,2026-06-08 00:53:23.653883,0 days 00:00:00.861361,False,True,True,True,KNN,none,none,False,24,COMPLETE
220,22.719694374999996,2026-06-08 00:53:22.963230,2026-06-08 00:53:23.833247,0 days 00:00:00.870017,False,True,True,True,KNN,none,none,False,24,COMPLETE
221,22.719694374999996,2026-06-08 00:53:22.969711,2026-06-08 00:53:23.927602,0 days 00:00:00.957891,False,True,True,True,KNN,none,none,False,24,COMPLETE
222,22.719694374999996,2026-06-08 00:53:22.999101,2026-06-08 00:53:23.871914,0 days 00:00:00.872813,False,True,True,True,KNN,none,none,False,24,COMPLETE
223,22.719694374999996,2026-06-08 00:53:23.263857,2026-06-08 00:53:24.164007,0 days 00:00:00.900150,False,True,True,True,KNN,none,none,False,24,COMPLETE
224,33.102076433926335,2026-06-08 00:53:23.498718,2026-06-08 00:53:23.747578,0 days 00:00:00.248860,False,True,True,True,Lasso,none,none,False,24,COMPLETE
225,22.719694374999996,2026-06-08 00:53:23.656481,2026-06-08 00:53:24.573780,0 days 00:00:00.917299,False,True,True,True,KNN,none,none,False,24,COMPLETE
226,26.133911249999997,2026-06-08 00:53:23.682222,2026-06-08 00:53:24.368849,0 days 00:00:00.686627,False,True,True,True,KNN,none,none,False,48,COMPLETE
227,22.719694374999996,2026-06-08 00:53:23.752292,2026-06-08 00:53:24.585228,0 days 00:00:00.832936,False,True,True,True,KNN,none,none,False,24,COMPLETE
228,22.719694374999996,2026-06-08 00:53:23.836732,2026-06-08 00:53:24.712868,0 days 00:00:00.876136,False,True,True,True,KNN,none,none,False,24,COMPLETE
229,22.719694374999996,2026-06-08 00:53:23.877899,2026-06-08 00:53:24.646333,0 days 00:00:00.768434,False,True,True,True,KNN,none,none,False,24,COMPLETE
230,22.719694374999996,2026-06-08 00:53:23.930162,2026-06-08 00:53:24.788835,0 days 00:00:00.858673,False,True,True,True,KNN,none,none,False,24,COMPLETE
231,22.719694374999996,2026-06-08 00:53:24.167170,2026-06-08 00:53:25.033329,0 days 00:00:00.866159,False,True,True,True,KNN,none,none,False,24,COMPLETE
232,22.719694374999996,2026-06-08 00:53:24.373567,2026-06-08 00:53:25.269231,0 days 00:00:00.895664,False,True,True,True,KNN,none,none,False,24,COMPLETE
233,22.719694374999996,2026-06-08 00:53:24.577796,2026-06-08 00:53:25.485230,0 days 00:00:00.907434,False,True,True,True,KNN,none,none,False,24,COMPLETE
234,22.719694374999996,2026-06-08 00:53:24.589485,2026-06-08 00:53:25.512103,0 days 00:00:00.922618,False,True,True,True,KNN,none,none,False,24,COMPLETE
235,22.719694374999996,2026-06-08 00:53:24.649905,2026-06-08 00:53:25.510892,0 days 00:00:00.860987,False,True,True,True,KNN,none,none,False,24,COMPLETE
236,22.719694374999996,2026-06-08 00:53:24.719592,2026-06-08 00:53:25.525918,0 days 00:00:00.806326,False,True,True,True,KNN,none,none,False,24,COMPLETE
237,22.719694374999996,2026-06-08 00:53:24.793694,2026-06-08 00:53:25.650327,0 days 00:00:00.856633,False,True,True,True,KNN,none,none,False,24,COMPLETE
238,22.719694374999996,2026-06-08 00:53:25.038134,2026-06-08 00:53:25.826420,0 days 00:00:00.788286,False,True,True,True,KNN,none,none,False,24,COMPLETE
239,22.719694374999996,2026-06-08 00:53:25.272985,2026-06-08 00:53:26.068215,0 days 00:00:00.795230,False,True,True,True,KNN,none,none,False,24,COMPLETE
240,22.719694374999996,2026-06-08 00:53:25.488746,2026-06-08 00:53:26.340079,0 days 00:00:00.851333,False,True,True,True,KNN,none,none,False,24,COMPLETE
241,22.719694374999996,2026-06-08 00:53:25.516679,2026-06-08 00:53:26.382851,0 days 00:00:00.866172,False,True,True,True,KNN,none,none,False,24,COMPLETE
242,22.719694374999996,2026-06-08 00:53:25.522080,2026-06-08 00:53:26.351467,0 days 00:00:00.829387,False,True,True,True,KNN,none,none,False,24,COMPLETE
243,22.719694374999996,2026-06-08 00:53:25.529004,2026-06-08 00:53:26.337239,0 days 00:00:00.808235,False,True,True,True,KNN,none,none,False,24,COMPLETE
244,22.719694374999996,2026-06-08 00:53:25.653809,2026-06-08 00:53:26.527199,0 days 00:00:00.873390,False,True,True,True,KNN,none,none,False,24,COMPLETE
245,22.719694374999996,2026-06-08 00:53:25.828128,2026-06-08 00:53:26.693011,0 days 00:00:00.864883,False,True,True,True,KNN,none,none,False,24,COMPLETE
246,22.719694374999996,2026-06-08 00:53:26.071913,2026-06-08 00:53:26.907731,0 days 00:00:00.835818,False,True,True,True,KNN,none,none,False,24,COMPLETE
247,22.719694374999996,2026-06-08 00:53:26.342346,2026-06-08 00:53:27.289998,0 days 00:00:00.947652,False,True,True,True,KNN,none,none,False,24,COMPLETE
248,22.719694374999996,2026-06-08 00:53:26.347317,2026-06-08 00:53:27.342013,0 days 00:00:00.994696,False,True,True,True,KNN,none,none,False,24,COMPLETE
249,22.719694374999996,2026-06-08 00:53:26.354182,2026-06-08 00:53:27.334894,0 days 00:00:00.980712,False,True,True,True,KNN,none,none,False,24,COMPLETE
250,22.719694374999996,2026-06-08 00:53:26.392181,2026-06-08 00:53:27.324934,0 days 00:00:00.932753,False,True,True,True,KNN,none,none,False,24,COMPLETE
251,22.719694374999996,2026-06-08 00:53:26.531874,2026-06-08 00:53:27.438689,0 days 00:00:00.906815,False,True,True,True,KNN,none,none,False,24,COMPLETE
252,22.719694374999996,2026-06-08 00:53:26.697991,2026-06-08 00:53:27.727205,0 days 00:00:01.029214,False,True,True,True,KNN,none,none,False,24,COMPLETE
253,26.911475642763843,2026-06-08 00:53:26.912881,2026-06-08 00:53:27.153047,0 days 00:00:00.240166,False,True,True,True,ElasticNet,none,none,False,24,COMPLETE
254,23.95758846354167,2026-06-08 00:53:27.158085,2026-06-08 00:53:28.151394,0 days 00:00:00.993309,False,True,True,False,KNN,none,none,False,24,COMPLETE
255,22.719694374999996,2026-06-08 00:53:27.294181,2026-06-08 00:53:28.311371,0 days 00:00:01.017190,False,True,True,True,KNN,none,none,False,24,COMPLETE
256,23.95758846354167,2026-06-08 00:53:27.329048,2026-06-08 00:53:28.342322,0 days 00:00:01.013274,False,True,True,False,KNN,none,none,False,24,COMPLETE
257,22.719694374999996,2026-06-08 00:53:27.345225,2026-06-08 00:53:28.406894,0 days 00:00:01.061669,False,True,True,True,KNN,none,none,False,24,COMPLETE
258,25.911468958333334,2026-06-08 00:53:27.350565,2026-06-08 00:53:28.128672,0 days 00:00:00.778107,False,True,True,False,KNN,none,none,False,36,COMPLETE
259,30.9799325615368,2026-06-08 00:53:27.445424,2026-06-08 00:53:27.654240,0 days 00:00:00.208816,False,True,True,True,LinearRegression,none,none,False,24,COMPLETE
260,34.991396550925934,2026-06-08 00:53:27.656151,2026-06-08 00:53:27.888071,0 days 00:00:00.231920,False,True,True,False,DecisionTree,none,none,False,36,COMPLETE
261,34.991396550925934,2026-06-08 00:53:27.729740,2026-06-08 00:53:27.989145,0 days 00:00:00.259405,False,True,True,False,DecisionTree,none,none,False,36,COMPLETE
262,22.719694374999996,2026-06-08 00:53:27.889971,2026-06-08 00:53:28.804844,0 days 00:00:00.914873,False,True,True,True,KNN,none,none,False,24,COMPLETE
263,22.719694374999996,2026-06-08 00:53:27.994212,2026-06-08 00:53:28.887118,0 days 00:00:00.892906,False,True,True,True,KNN,none,none,False,24,COMPLETE
264,22.719694374999996,2026-06-08 00:53:28.130849,2026-06-08 00:53:29.096012,0 days 00:00:00.965163,False,True,True,True,KNN,none,none,False,24,COMPLETE
265,22.719694374999996,2026-06-08 00:53:28.157047,2026-06-08 00:53:29.069591,0 days 00:00:00.912544,False,True,True,True,KNN,none,none,False,24,COMPLETE
266,22.719694374999996,2026-06-08 00:53:28.313663,2026-06-08 00:53:29.178378,0 days 00:00:00.864715,False,True,True,True,KNN,none,none,False,24,COMPLETE
267,22.719694374999996,2026-06-08 00:53:28.346557,2026-06-08 00:53:29.291426,0 days 00:00:00.944869,False,True,True,True,KNN,none,none,False,24,COMPLETE
268,33.102076433926335,2026-06-08 00:53:28.410097,2026-06-08 00:53:28.640700,0 days 00:00:00.230603,False,True,True,True,Lasso,none,none,False,24,COMPLETE
269,22.719694374999996,2026-06-08 00:53:28.645005,2026-06-08 00:53:29.495944,0 days 00:00:00.850939,False,True,True,True,KNN,none,none,False,24,COMPLETE
270,26.133911249999997,2026-06-08 00:53:28.808284,2026-06-08 00:53:29.509076,0 days 00:00:00.700792,False,True,True,True,KNN,none,none,False,48,COMPLETE
271,26.133911249999997,2026-06-08 00:53:28.889379,2026-06-08 00:53:29.577727,0 days 00:00:00.688348,False,True,True,True,KNN,none,none,False,48,COMPLETE
272,22.719694374999996,2026-06-08 00:53:29.073751,2026-06-08 00:53:29.991156,0 days 00:00:00.917405,False,True,True,True,KNN,none,none,False,24,COMPLETE
273,29.556775390624995,2026-06-08 00:53:29.099514,2026-06-08 00:53:29.808205,0 days 00:00:00.708691,False,True,True,True,KNN,none,diff,False,48,COMPLETE
274,26.133911249999997,2026-06-08 00:53:29.182135,2026-06-08 00:53:29.891890,0 days 00:00:00.709755,False,True,True,True,KNN,none,none,False,48,COMPLETE
275,29.556775390624995,2026-06-08 00:53:29.294335,2026-06-08 00:53:29.971848,0 days 00:00:00.677513,False,True,True,True,KNN,none,diff,False,48,COMPLETE
276,22.719694374999996,2026-06-08 00:53:29.501555,2026-06-08 00:53:30.457433,0 days 00:00:00.955878,False,True,True,True,KNN,none,none,False,24,COMPLETE
277,28.477639511718746,2026-06-08 00:53:29.511012,2026-06-08 00:53:30.436782,0 days 00:00:00.925770,False,True,True,True,KNN,none,diff,False,24,COMPLETE
278,22.719694374999996,2026-06-08 00:53:29.581468,2026-06-08 00:53:30.478087,0 days 00:00:00.896619,False,True,True,True,KNN,none,none,False,24,COMPLETE
279,27.591573787075596,2026-06-08 00:53:29.810507,2026-06-08 00:53:30.694559,0 days 00:00:00.884052,False,True,True,True,KNN,none,log_diff,False,24,COMPLETE
280,27.591573787075596,2026-06-08 00:53:29.894642,2026-06-08 00:53:30.878061,0 days 00:00:00.983419,False,True,True,True,KNN,none,log_diff,False,24,COMPLETE
281,22.719694374999996,2026-06-08 00:53:29.975234,2026-06-08 00:53:31.133020,0 days 00:00:01.157786,False,True,True,True,KNN,none,none,False,24,COMPLETE
282,22.719694374999996,2026-06-08 00:53:29.993449,2026-06-08 00:53:31.598616,0 days 00:00:01.605167,False,True,True,True,KNN,none,none,False,24,COMPLETE
283,27.23812980680567,2026-06-08 00:53:30.439130,2026-06-08 00:53:30.736995,0 days 00:00:00.297865,False,False,True,True,ElasticNet,none,log_diff,False,24,COMPLETE
284,27.23812980680567,2026-06-08 00:53:30.460100,2026-06-08 00:53:30.772920,0 days 00:00:00.312820,False,False,True,True,ElasticNet,none,log_diff,False,24,COMPLETE
285,28.590763163910214,2026-06-08 00:53:30.482687,2026-06-08 00:53:30.824117,0 days 00:00:00.341430,False,False,True,True,LinearRegression,none,log_diff,False,24,COMPLETE
286,30.495666517266624,2026-06-08 00:53:30.702834,2026-06-08 00:53:32.692084,0 days 00:00:01.989250,False,False,True,True,ElasticNet,none,none,True,24,COMPLETE
287,40.544879785861156,2026-06-08 00:53:30.738993,2026-06-08 00:53:32.970628,0 days 00:00:02.231635,False,True,True,True,LinearRegression,none,none,True,24,COMPLETE
288,40.544879785861156,2026-06-08 00:53:30.778577,2026-06-08 00:53:32.946403,0 days 00:00:02.167826,False,True,True,True,LinearRegression,none,none,True,24,COMPLETE
289,22.719694374999996,2026-06-08 00:53:30.827389,2026-06-08 00:53:34.490619,0 days 00:00:03.663230,False,True,True,True,KNN,none,none,False,24,COMPLETE
290,27.892635807291665,2026-06-08 00:53:30.881709,2026-06-08 00:53:34.898994,0 days 00:00:04.017285,False,True,True,True,KNN,none,none,True,24,COMPLETE
291,27.892635807291665,2026-06-08 00:53:31.139619,2026-06-08 00:53:34.984217,0 days 00:00:03.844598,False,True,True,True,KNN,none,none,True,24,COMPLETE
292,27.892635807291665,2026-06-08 00:53:31.612255,2026-06-08 00:53:35.025866,0 days 00:00:03.413611,False,True,True,True,KNN,none,none,True,24,COMPLETE
293,22.719694374999996,2026-06-08 00:53:32.759533,2026-06-08 00:53:35.070879,0 days 00:00:02.311346,False,True,True,True,KNN,none,none,False,24,COMPLETE
294,22.719694374999996,2026-06-08 00:53:32.948642,2026-06-08 00:53:35.143708,0 days 00:00:02.195066,False,True,True,True,KNN,none,none,False,24,COMPLETE
295,22.719694374999996,2026-06-08 00:53:32.975544,2026-06-08 00:53:35.183969,0 days 00:00:02.208425,False,True,True,True,KNN,none,none,False,24,COMPLETE
296,22.719694374999996,2026-06-08 00:53:34.520544,2026-06-08 00:53:35.825430,0 days 00:00:01.304886,False,True,True,True,KNN,none,none,False,24,COMPLETE
297,22.719694374999996,2026-06-08 00:53:34.903681,2026-06-08 00:53:35.898182,0 days 00:00:00.994501,False,True,True,True,KNN,none,none,False,24,COMPLETE
298,22.719694374999996,2026-06-08 00:53:34.989416,2026-06-08 00:53:36.077471,0 days 00:00:01.088055,False,True,True,True,KNN,none,none,False,24,COMPLETE
299,22.719694374999996,2026-06-08 00:53:35.032632,2026-06-08 00:53:36.139993,0 days 00:00:01.107361,False,True,True,True,KNN,none,none,False,24,COMPLETE
300,33.102076433926335,2026-06-08 00:53:35.075785,2026-06-08 00:53:35.413521,0 days 00:00:00.337736,False,True,True,True,Lasso,none,none,False,24,COMPLETE
301,33.102076433926335,2026-06-08 00:53:35.147129,2026-06-08 00:53:35.577330,0 days 00:00:00.430201,False,True,True,True,Lasso,none,none,False,24,COMPLETE
302,33.102076433926335,2026-06-08 00:53:35.188990,2026-06-08 00:53:35.529661,0 days 00:00:00.340671,False,True,True,True,Lasso,none,none,False,24,COMPLETE
303,22.719694374999996,2026-06-08 00:53:35.425154,2026-06-08 00:53:36.374977,0 days 00:00:00.949823,False,True,True,True,KNN,none,none,False,24,COMPLETE
304,22.719694374999996,2026-06-08 00:53:35.533260,2026-06-08 00:53:36.466933,0 days 00:00:00.933673,False,True,True,True,KNN,none,none,False,24,COMPLETE
305,22.719694374999996,2026-06-08 00:53:35.580207,2026-06-08 00:53:36.558942,0 days 00:00:00.978735,False,True,True,True,KNN,none,none,False,24,COMPLETE
306,22.719694374999996,2026-06-08 00:53:35.827683,2026-06-08 00:53:36.816136,0 days 00:00:00.988453,False,True,True,True,KNN,none,none,False,24,COMPLETE
307,22.719694374999996,2026-06-08 00:53:35.901029,2026-06-08 00:53:36.915547,0 days 00:00:01.014518,False,True,True,True,KNN,none,none,False,24,COMPLETE
308,22.719694374999996,2026-06-08 00:53:36.081454,2026-06-08 00:53:37.126197,0 days 00:00:01.044743,False,True,True,True,KNN,exclude,standard,False,24,COMPLETE
309,22.719694374999996,2026-06-08 00:53:36.144130,2026-06-08 00:53:37.155419,0 days 00:00:01.011289,False,True,True,True,KNN,exclude,none,False,24,COMPLETE
310,22.719694374999996,2026-06-08 00:53:36.377968,2026-06-08 00:53:37.371458,0 days 00:00:00.993490,False,True,True,True,KNN,exclude,standard,False,24,COMPLETE
311,22.719694374999996,2026-06-08 00:53:36.468787,2026-06-08 00:53:37.632438,0 days 00:00:01.163651,False,True,True,True,KNN,exclude,standard,False,24,COMPLETE
312,28.84607444243006,2026-06-08 00:53:36.562961,2026-06-08 00:53:36.775700,0 days 00:00:00.212739,False,True,True,True,Ridge,exclude,standard,False,24,COMPLETE
313,22.719694374999996,2026-06-08 00:53:36.782292,2026-06-08 00:53:37.917121,0 days 00:00:01.134829,False,True,True,True,KNN,none,none,False,24,COMPLETE
314,22.719694374999996,2026-06-08 00:53:36.820125,2026-06-08 00:53:37.984587,0 days 00:00:01.164462,False,True,True,True,KNN,none,none,False,24,COMPLETE
315,22.719694374999996,2026-06-08 00:53:36.923112,2026-06-08 00:53:38.129573,0 days 00:00:01.206461,False,True,True,True,KNN,none,none,False,24,COMPLETE
316,29.233454736328124,2026-06-08 00:53:37.131709,2026-06-08 00:53:37.489802,0 days 00:00:00.358093,False,True,True,True,DecisionTree,none,none,False,24,COMPLETE
317,29.233454736328124,2026-06-08 00:53:37.159592,2026-06-08 00:53:37.456528,0 days 00:00:00.296936,False,True,True,True,DecisionTree,none,none,False,24,COMPLETE
318,29.233454736328124,2026-06-08 00:53:37.373847,2026-06-08 00:53:37.735279,0 days 00:00:00.361432,False,True,True,True,DecisionTree,none,none,False,24,COMPLETE
319,22.719694374999996,2026-06-08 00:53:37.460113,2026-06-08 00:53:38.585059,0 days 00:00:01.124946,False,True,True,True,KNN,none,none,False,24,COMPLETE
320,22.719694374999996,2026-06-08 00:53:37.491494,2026-06-08 00:53:38.582091,0 days 00:00:01.090597,False,True,True,True,KNN,none,none,False,24,COMPLETE
321,22.719694374999996,2026-06-08 00:53:37.634245,2026-06-08 00:53:38.695797,0 days 00:00:01.061552,False,True,True,True,KNN,none,none,False,24,COMPLETE
322,22.719694374999996,2026-06-08 00:53:37.741460,2026-06-08 00:53:38.740363,0 days 00:00:00.998903,False,True,True,True,KNN,none,none,False,24,COMPLETE
323,22.719694374999996,2026-06-08 00:53:37.921490,2026-06-08 00:53:38.919708,0 days 00:00:00.998218,False,True,True,True,KNN,none,none,False,24,COMPLETE
324,26.179768854166667,2026-06-08 00:53:37.996338,2026-06-08 00:53:38.729622,0 days 00:00:00.733284,False,True,True,True,KNN,none,none,False,36,COMPLETE
325,26.179768854166667,2026-06-08 00:53:38.136004,2026-06-08 00:53:38.800970,0 days 00:00:00.664966,False,True,True,True,KNN,none,none,False,36,COMPLETE
326,22.719694374999996,2026-06-08 00:53:38.586675,2026-06-08 00:53:39.337615,0 days 00:00:00.750940,False,True,True,True,KNN,none,none,False,24,COMPLETE
327,26.179768854166667,2026-06-08 00:53:38.588477,2026-06-08 00:53:39.172792,0 days 00:00:00.584315,False,True,True,True,KNN,none,none,False,36,COMPLETE
328,26.179768854166667,2026-06-08 00:53:38.698615,2026-06-08 00:53:39.294910,0 days 00:00:00.596295,False,True,True,True,KNN,none,none,False,36,COMPLETE
329,22.719694374999996,2026-06-08 00:53:38.733297,2026-06-08 00:53:39.574230,0 days 00:00:00.840933,False,True,True,True,KNN,none,none,False,24,COMPLETE
330,22.719694374999996,2026-06-08 00:53:38.742976,2026-06-08 00:53:39.623301,0 days 00:00:00.880325,False,True,True,True,KNN,none,none,False,24,COMPLETE
331,22.719694374999996,2026-06-08 00:53:38.806871,2026-06-08 00:53:39.640640,0 days 00:00:00.833769,False,True,True,True,KNN,none,none,False,24,COMPLETE
332,22.719694374999996,2026-06-08 00:53:38.921573,2026-06-08 00:53:39.757350,0 days 00:00:00.835777,False,True,True,True,KNN,none,none,False,24,COMPLETE
333,32.786909843749996,2026-06-08 00:53:39.175532,2026-06-08 00:53:40.077227,0 days 00:00:00.901695,False,True,True,True,KNN,none,seasonal_diff,False,24,COMPLETE
334,22.719694374999996,2026-06-08 00:53:39.297784,2026-06-08 00:53:40.554644,0 days 00:00:01.256860,False,True,True,True,KNN,winsorize,none,False,24,COMPLETE
335,32.786909843749996,2026-06-08 00:53:39.342689,2026-06-08 00:53:40.295240,0 days 00:00:00.952551,False,True,True,True,KNN,none,seasonal_diff,False,24,COMPLETE
336,22.719694374999996,2026-06-08 00:53:39.576682,2026-06-08 00:53:40.762649,0 days 00:00:01.185967,False,True,True,True,KNN,none,none,False,24,COMPLETE
337,22.719694374999996,2026-06-08 00:53:39.630426,2026-06-08 00:53:40.892158,0 days 00:00:01.261732,False,True,True,True,KNN,winsorize,none,False,24,COMPLETE
338,28.846074442430044,2026-06-08 00:53:39.643325,2026-06-08 00:53:39.933478,0 days 00:00:00.290153,False,True,True,True,Ridge,none,none,False,24,COMPLETE
339,43.79481506165679,2026-06-08 00:53:39.763572,2026-06-08 00:53:40.118687,0 days 00:00:00.355115,False,True,True,True,Ridge,none,seasonal_diff,False,24,COMPLETE
340,32.786909843749996,2026-06-08 00:53:39.938779,2026-06-08 00:53:40.942578,0 days 00:00:01.003799,False,True,True,True,KNN,winsorize,seasonal_diff,False,24,COMPLETE
341,22.719694374999996,2026-06-08 00:53:40.081727,2026-06-08 00:53:41.194376,0 days 00:00:01.112649,False,True,True,True,KNN,none,none,False,24,COMPLETE
342,22.719694374999996,2026-06-08 00:53:40.121258,2026-06-08 00:53:41.119691,0 days 00:00:00.998433,False,True,True,True,KNN,none,none,False,24,COMPLETE
343,23.95758846354167,2026-06-08 00:53:40.302354,2026-06-08 00:53:41.367598,0 days 00:00:01.065244,False,True,True,False,KNN,winsorize,none,False,24,COMPLETE
344,22.719694374999996,2026-06-08 00:53:40.557108,2026-06-08 00:53:41.498464,0 days 00:00:00.941356,False,True,True,True,KNN,none,none,False,24,COMPLETE
345,23.95758846354167,2026-06-08 00:53:40.767323,2026-06-08 00:53:41.682256,0 days 00:00:00.914933,False,True,True,False,KNN,none,none,False,24,COMPLETE
346,23.95758846354167,2026-06-08 00:53:40.897759,2026-06-08 00:53:41.833881,0 days 00:00:00.936122,False,True,True,False,KNN,none,none,False,24,COMPLETE
347,23.95758846354167,2026-06-08 00:53:40.946292,2026-06-08 00:53:41.813427,0 days 00:00:00.867135,False,True,True,False,KNN,none,none,False,24,COMPLETE
348,23.95758846354167,2026-06-08 00:53:41.122400,2026-06-08 00:53:42.050662,0 days 00:00:00.928262,False,True,True,False,KNN,none,none,False,24,COMPLETE
349,23.95758846354167,2026-06-08 00:53:41.200263,2026-06-08 00:53:42.106948,0 days 00:00:00.906685,False,True,True,False,KNN,none,none,False,24,COMPLETE
350,22.719694374999996,2026-06-08 00:53:41.371427,2026-06-08 00:53:42.294680,0 days 00:00:00.923253,False,True,True,True,KNN,none,none,False,24,COMPLETE
351,22.719694374999996,2026-06-08 00:53:41.501695,2026-06-08 00:53:42.388973,0 days 00:00:00.887278,False,True,True,True,KNN,none,none,False,24,COMPLETE
352,22.719694374999996,2026-06-08 00:53:41.684724,2026-06-08 00:53:42.598932,0 days 00:00:00.914208,False,True,True,True,KNN,none,none,False,24,COMPLETE
353,28.477639511718746,2026-06-08 00:53:41.815665,2026-06-08 00:53:42.682145,0 days 00:00:00.866480,False,True,True,True,KNN,none,diff,False,24,COMPLETE
354,22.719694374999996,2026-06-08 00:53:41.841168,2026-06-08 00:53:42.764663,0 days 00:00:00.923495,False,True,True,True,KNN,none,none,False,24,COMPLETE
355,28.000107955729167,2026-06-08 00:53:42.053619,2026-06-08 00:53:42.926500,0 days 00:00:00.872881,False,False,True,True,KNN,none,diff,False,24,COMPLETE
356,28.000107955729167,2026-06-08 00:53:42.110125,2026-06-08 00:53:43.012585,0 days 00:00:00.902460,False,False,True,True,KNN,none,diff,False,24,COMPLETE
357,22.652010208333333,2026-06-08 00:53:42.300280,2026-06-08 00:53:43.264164,0 days 00:00:00.963884,False,False,True,True,KNN,none,none,False,24,COMPLETE
358,22.652010208333333,2026-06-08 00:53:42.392610,2026-06-08 00:53:43.286594,0 days 00:00:00.893984,False,False,True,True,KNN,none,none,False,24,COMPLETE
359,28.000107955729167,2026-06-08 00:53:42.603073,2026-06-08 00:53:43.559544,0 days 00:00:00.956471,False,False,True,True,KNN,none,diff,False,24,COMPLETE
360,22.719694374999996,2026-06-08 00:53:42.685339,2026-06-08 00:53:43.712319,0 days 00:00:01.026980,False,True,True,True,KNN,none,none,False,24,COMPLETE
361,22.652010208333333,2026-06-08 00:53:42.768198,2026-06-08 00:53:43.745966,0 days 00:00:00.977768,False,False,True,True,KNN,none,none,False,24,COMPLETE
362,22.719694374999996,2026-06-08 00:53:42.929664,2026-06-08 00:53:43.967277,0 days 00:00:01.037613,False,True,True,True,KNN,none,none,False,24,COMPLETE
363,22.719694374999996,2026-06-08 00:53:43.018147,2026-06-08 00:53:44.074820,0 days 00:00:01.056673,False,True,True,True,KNN,none,none,False,24,COMPLETE
364,25.513170651576168,2026-06-08 00:53:43.270833,2026-06-08 00:53:43.610127,0 days 00:00:00.339294,False,False,True,True,SVR_rbf,none,none,False,24,COMPLETE
365,22.652010208333333,2026-06-08 00:53:43.291716,2026-06-08 00:53:44.459526,0 days 00:00:01.167810,False,False,True,True,KNN,none,none,False,24,COMPLETE
366,25.513170651576168,2026-06-08 00:53:43.562721,2026-06-08 00:53:43.948318,0 days 00:00:00.385597,False,False,True,True,SVR_rbf,none,none,False,24,COMPLETE
367,22.652010208333333,2026-06-08 00:53:43.614581,2026-06-08 00:53:44.724435,0 days 00:00:01.109854,False,False,True,True,KNN,none,none,False,24,COMPLETE
368,22.652010208333333,2026-06-08 00:53:43.714551,2026-06-08 00:53:44.844926,0 days 00:00:01.130375,False,False,True,True,KNN,none,none,False,24,COMPLETE
369,22.652010208333333,2026-06-08 00:53:43.748832,2026-06-08 00:53:44.847011,0 days 00:00:01.098179,False,False,True,True,KNN,none,none,False,24,COMPLETE
370,30.516278569599724,2026-06-08 00:53:43.952731,2026-06-08 00:53:44.300445,0 days 00:00:00.347714,False,False,True,True,LinearRegression,none,none,False,24,COMPLETE
371,30.628865661281157,2026-06-08 00:53:43.970143,2026-06-08 00:53:44.243609,0 days 00:00:00.273466,False,False,True,True,ElasticNet,none,none,False,48,COMPLETE
372,25.6390625,2026-06-08 00:53:44.080611,2026-06-08 00:53:44.934297,0 days 00:00:00.853686,False,False,True,True,KNN,none,none,False,48,COMPLETE
373,30.516278569599724,2026-06-08 00:53:44.246520,2026-06-08 00:53:44.567587,0 days 00:00:00.321067,False,False,True,True,LinearRegression,none,none,False,24,COMPLETE
374,22.652010208333333,2026-06-08 00:53:44.309826,2026-06-08 00:53:45.273099,0 days 00:00:00.963273,False,False,True,True,KNN,none,none,False,24,COMPLETE
375,22.652010208333333,2026-06-08 00:53:44.465506,2026-06-08 00:53:45.410138,0 days 00:00:00.944632,False,False,True,True,KNN,none,none,False,24,COMPLETE
376,22.652010208333333,2026-06-08 00:53:44.573328,2026-06-08 00:53:45.549287,0 days 00:00:00.975959,False,False,True,True,KNN,none,none,False,24,COMPLETE
377,22.652010208333333,2026-06-08 00:53:44.728610,2026-06-08 00:53:45.684420,0 days 00:00:00.955810,False,False,True,True,KNN,none,none,False,24,COMPLETE
378,22.652010208333333,2026-06-08 00:53:44.848722,2026-06-08 00:53:45.778129,0 days 00:00:00.929407,False,False,True,True,KNN,none,none,False,24,COMPLETE
379,22.652010208333333,2026-06-08 00:53:44.851014,2026-06-08 00:53:45.850697,0 days 00:00:00.999683,False,False,True,True,KNN,none,none,False,24,COMPLETE
380,22.652010208333333,2026-06-08 00:53:44.937468,2026-06-08 00:53:45.882240,0 days 00:00:00.944772,False,False,True,True,KNN,none,none,False,24,COMPLETE
381,22.652010208333333,2026-06-08 00:53:45.275705,2026-06-08 00:53:46.264741,0 days 00:00:00.989036,False,False,True,True,KNN,none,none,False,24,COMPLETE
382,22.652010208333333,2026-06-08 00:53:45.413679,2026-06-08 00:53:46.412947,0 days 00:00:00.999268,False,False,True,True,KNN,none,none,False,24,COMPLETE
383,22.652010208333333,2026-06-08 00:53:45.552932,2026-06-08 00:53:46.500095,0 days 00:00:00.947163,False,False,True,True,KNN,none,none,False,24,COMPLETE
384,22.652010208333333,2026-06-08 00:53:45.689700,2026-06-08 00:53:46.648301,0 days 00:00:00.958601,False,False,True,True,KNN,none,none,False,24,COMPLETE
385,22.652010208333333,2026-06-08 00:53:45.783283,2026-06-08 00:53:46.751298,0 days 00:00:00.968015,False,False,True,True,KNN,none,none,False,24,COMPLETE
386,27.69732365945164,2026-06-08 00:53:45.855926,2026-06-08 00:53:51.149949,0 days 00:00:05.294023,False,False,True,True,GradientBoosting,none,none,False,24,COMPLETE
387,32.673489052375864,2026-06-08 00:53:45.887233,2026-06-08 00:53:46.148262,0 days 00:00:00.261029,False,False,True,True,Lasso,none,none,False,24,COMPLETE
388,27.69732365945164,2026-06-08 00:53:46.150138,2026-06-08 00:53:51.425205,0 days 00:00:05.275067,False,False,True,True,GradientBoosting,none,none,False,24,COMPLETE
389,22.652010208333333,2026-06-08 00:53:46.268691,2026-06-08 00:53:47.247625,0 days 00:00:00.978934,False,False,True,True,KNN,none,none,False,24,COMPLETE
390,22.652010208333333,2026-06-08 00:53:46.416276,2026-06-08 00:53:47.445874,0 days 00:00:01.029598,False,False,True,True,KNN,none,none,False,24,COMPLETE
391,22.652010208333333,2026-06-08 00:53:46.502733,2026-06-08 00:53:47.540750,0 days 00:00:01.038017,False,False,True,True,KNN,none,none,False,24,COMPLETE
392,27.69732365945164,2026-06-08 00:53:46.653871,2026-06-08 00:53:51.849035,0 days 00:00:05.195164,False,False,True,True,GradientBoosting,none,none,False,24,COMPLETE
393,29.01365299954995,2026-06-08 00:53:46.757233,2026-06-08 00:53:52.231737,0 days 00:00:05.474504,False,False,True,True,GradientBoosting,none,none,True,24,COMPLETE
394,27.747775416666663,2026-06-08 00:53:47.249795,2026-06-08 00:53:48.665500,0 days 00:00:01.415705,False,False,True,True,KNN,none,none,True,24,COMPLETE
395,27.69732365945164,2026-06-08 00:53:47.449228,2026-06-08 00:53:52.403511,0 days 00:00:04.954283,False,False,True,True,GradientBoosting,none,none,False,24,COMPLETE
396,22.652010208333333,2026-06-08 00:53:47.544536,2026-06-08 00:53:48.769303,0 days 00:00:01.224767,False,False,True,True,KNN,none,none,False,24,COMPLETE
397,27.69732365945164,2026-06-08 00:53:48.670389,2026-06-08 00:53:52.993188,0 days 00:00:04.322799,False,False,True,True,GradientBoosting,none,none,False,24,COMPLETE
398,27.69732365945164,2026-06-08 00:53:48.771223,2026-06-08 00:53:53.118416,0 days 00:00:04.347193,False,False,True,True,GradientBoosting,none,none,False,24,COMPLETE
399,28.57443774957912,2026-06-08 00:53:51.151144,2026-06-08 00:53:51.296074,0 days 00:00:00.144930,False,False,True,True,Ridge,none,none,False,24,COMPLETE
400,22.652010208333333,2026-06-08 00:53:51.298480,2026-06-08 00:53:52.190268,0 days 00:00:00.891788,False,False,True,True,KNN,none,none,False,24,COMPLETE
401,22.652010208333333,2026-06-08 00:53:51.428654,2026-06-08 00:53:52.321018,0 days 00:00:00.892364,False,False,True,True,KNN,none,none,False,24,COMPLETE
402,22.652010208333333,2026-06-08 00:53:51.851885,2026-06-08 00:53:52.668230,0 days 00:00:00.816345,False,False,True,True,KNN,none,none,False,24,COMPLETE
403,22.652010208333333,2026-06-08 00:53:52.193463,2026-06-08 00:53:53.142107,0 days 00:00:00.948644,False,False,True,True,KNN,none,none,False,24,COMPLETE
404,28.0085586101524,2026-06-08 00:53:52.233989,2026-06-08 00:53:53.150009,0 days 00:00:00.916020,False,False,True,True,KNN,none,log_diff,False,24,COMPLETE
405,28.0085586101524,2026-06-08 00:53:52.322774,2026-06-08 00:53:53.286469,0 days 00:00:00.963695,False,False,True,True,KNN,none,log_diff,False,24,COMPLETE
406,22.652010208333333,2026-06-08 00:53:52.406470,2026-06-08 00:53:53.389254,0 days 00:00:00.982784,False,False,True,True,KNN,none,none,False,24,COMPLETE
407,26.530656352306384,2026-06-08 00:53:52.672135,2026-06-08 00:53:52.899102,0 days 00:00:00.226967,False,False,True,True,ElasticNet,none,none,False,24,COMPLETE
408,28.0085586101524,2026-06-08 00:53:52.902980,2026-06-08 00:53:53.872058,0 days 00:00:00.969078,False,False,True,True,KNN,none,log_diff,False,24,COMPLETE
409,22.652010208333333,2026-06-08 00:53:52.996660,2026-06-08 00:53:53.998710,0 days 00:00:01.002050,False,False,True,True,KNN,none,standard,False,24,COMPLETE
410,28.0085586101524,2026-06-08 00:53:53.122377,2026-06-08 00:53:54.085780,0 days 00:00:00.963403,False,False,True,True,KNN,none,log_diff,False,24,COMPLETE
411,28.0085586101524,2026-06-08 00:53:53.146447,2026-06-08 00:53:54.123732,0 days 00:00:00.977285,False,False,True,True,KNN,none,log_diff,False,24,COMPLETE
412,36.03420328776042,2026-06-08 00:53:53.156335,2026-06-08 00:53:53.477588,0 days 00:00:00.321253,False,False,True,True,DecisionTree,none,none,False,24,COMPLETE
413,36.03420328776042,2026-06-08 00:53:53.289550,2026-06-08 00:53:53.622234,0 days 00:00:00.332684,False,False,True,True,DecisionTree,none,none,False,24,COMPLETE
414,22.652010208333333,2026-06-08 00:53:53.391904,2026-06-08 00:53:54.377042,0 days 00:00:00.985138,False,False,True,True,KNN,none,none,False,24,COMPLETE
415,25.36425576388889,2026-06-08 00:53:53.483764,2026-06-08 00:53:54.152213,0 days 00:00:00.668449,False,False,True,True,KNN,none,none,False,36,COMPLETE
416,25.36425576388889,2026-06-08 00:53:53.624143,2026-06-08 00:53:54.302677,0 days 00:00:00.678534,False,False,True,True,KNN,none,standard,False,36,COMPLETE
417,25.36425576388889,2026-06-08 00:53:53.874597,2026-06-08 00:53:54.664345,0 days 00:00:00.789748,False,False,True,True,KNN,none,standard,False,36,COMPLETE
418,25.36425576388889,2026-06-08 00:53:54.002248,2026-06-08 00:53:54.787199,0 days 00:00:00.784951,False,False,True,True,KNN,none,none,False,36,COMPLETE
419,25.36425576388889,2026-06-08 00:53:54.092725,2026-06-08 00:53:54.979355,0 days 00:00:00.886630,False,False,True,True,KNN,none,none,False,36,COMPLETE
420,25.36425576388889,2026-06-08 00:53:54.126391,2026-06-08 00:53:55.062224,0 days 00:00:00.935833,False,False,True,True,KNN,none,none,False,36,COMPLETE
421,22.652010208333333,2026-06-08 00:53:54.154995,2026-06-08 00:53:55.360613,0 days 00:00:01.205618,False,False,True,True,KNN,exclude,none,False,24,COMPLETE
422,22.652010208333333,2026-06-08 00:53:54.307342,2026-06-08 00:53:55.510715,0 days 00:00:01.203373,False,False,True,True,KNN,exclude,none,False,24,COMPLETE
423,25.6390625,2026-06-08 00:53:54.380132,2026-06-08 00:53:55.385883,0 days 00:00:01.005751,False,False,True,True,KNN,none,none,False,48,COMPLETE
424,25.6390625,2026-06-08 00:53:54.667545,2026-06-08 00:53:56.006269,0 days 00:00:01.338724,False,False,True,True,KNN,exclude,none,False,48,COMPLETE
425,49.20856163728233,2026-06-08 00:53:54.792205,2026-06-08 00:53:55.056092,0 days 00:00:00.263887,False,False,True,True,Lasso,exclude,none,False,48,COMPLETE
426,25.6390625,2026-06-08 00:53:54.985087,2026-06-08 00:53:56.543384,0 days 00:00:01.558297,False,False,True,True,KNN,none,none,False,48,COMPLETE
427,22.652010208333333,2026-06-08 00:53:55.064289,2026-06-08 00:53:57.279298,0 days 00:00:02.215009,False,False,True,True,KNN,winsorize,none,False,24,COMPLETE
428,22.652010208333333,2026-06-08 00:53:55.073861,2026-06-08 00:53:57.400368,0 days 00:00:02.326507,False,False,True,True,KNN,winsorize,none,False,24,COMPLETE
429,25.513170651576168,2026-06-08 00:53:55.362887,2026-06-08 00:53:56.055535,0 days 00:00:00.692648,False,False,True,True,SVR_rbf,winsorize,none,False,24,COMPLETE
430,25.513170651576168,2026-06-08 00:53:55.388784,2026-06-08 00:53:55.902516,0 days 00:00:00.513732,False,False,True,True,SVR_rbf,none,none,False,24,COMPLETE
431,25.513170651576168,2026-06-08 00:53:55.517448,2026-06-08 00:53:56.314160,0 days 00:00:00.796712,False,False,True,True,SVR_rbf,winsorize,none,False,24,COMPLETE
432,22.652010208333333,2026-06-08 00:53:55.912419,2026-06-08 00:53:58.378043,0 days 00:00:02.465624,False,False,True,True,KNN,none,none,False,24,COMPLETE
433,27.747775416666663,2026-06-08 00:53:56.012478,2026-06-08 00:53:59.306499,0 days 00:00:03.294021,False,False,True,True,KNN,winsorize,none,True,24,COMPLETE
434,27.747775416666663,2026-06-08 00:53:56.065096,2026-06-08 00:53:59.074025,0 days 00:00:03.008929,False,False,True,True,KNN,none,none,True,24,COMPLETE
435,27.747775416666663,2026-06-08 00:53:56.320359,2026-06-08 00:53:59.285832,0 days 00:00:02.965473,False,False,True,True,KNN,none,none,True,24,COMPLETE
436,27.747775416666663,2026-06-08 00:53:56.579414,2026-06-08 00:53:59.328274,0 days 00:00:02.748860,False,False,True,True,KNN,none,none,True,24,COMPLETE
437,28.57443774957912,2026-06-08 00:53:57.283039,2026-06-08 00:53:58.160416,0 days 00:00:00.877377,False,False,True,True,Ridge,none,none,False,24,COMPLETE
438,32.08295024305555,2026-06-08 00:53:57.405137,2026-06-08 00:53:59.472965,0 days 00:00:02.067828,False,False,True,True,KNN,none,seasonal_diff,True,24,COMPLETE
439,33.17800774305556,2026-06-08 00:53:58.163635,2026-06-08 00:53:59.706322,0 days 00:00:01.542687,False,False,True,True,KNN,none,seasonal_diff,False,24,COMPLETE
440,33.17800774305556,2026-06-08 00:53:58.383963,2026-06-08 00:53:59.797089,0 days 00:00:01.413126,False,False,True,True,KNN,none,seasonal_diff,False,24,COMPLETE
441,22.652010208333333,2026-06-08 00:53:59.075851,2026-06-08 00:54:00.182760,0 days 00:00:01.106909,False,False,True,True,KNN,none,none,False,24,COMPLETE
442,26.530656352306384,2026-06-08 00:53:59.296446,2026-06-08 00:53:59.663987,0 days 00:00:00.367541,False,False,True,True,ElasticNet,none,none,False,24,COMPLETE
443,26.530656352306384,2026-06-08 00:53:59.309171,2026-06-08 00:53:59.641445,0 days 00:00:00.332274,False,False,True,True,ElasticNet,none,none,False,24,COMPLETE
444,35.63626305704119,2026-06-08 00:53:59.331665,2026-06-08 00:53:59.620974,0 days 00:00:00.289309,False,False,True,True,ElasticNet,none,seasonal_diff,False,24,COMPLETE
445,22.652010208333333,2026-06-08 00:53:59.476783,2026-06-08 00:54:00.385036,0 days 00:00:00.908253,False,False,True,True,KNN,none,none,False,24,COMPLETE
446,30.516278569599724,2026-06-08 00:53:59.624403,2026-06-08 00:53:59.975708,0 days 00:00:00.351305,False,False,True,True,LinearRegression,none,none,False,24,COMPLETE
447,30.516278569599724,2026-06-08 00:53:59.644287,2026-06-08 00:53:59.988778,0 days 00:00:00.344491,False,False,True,True,LinearRegression,none,none,False,24,COMPLETE
448,30.516278569599724,2026-06-08 00:53:59.666951,2026-06-08 00:54:00.029978,0 days 00:00:00.363027,False,False,True,True,LinearRegression,none,none,False,24,COMPLETE
449,30.516278569599724,2026-06-08 00:53:59.707917,2026-06-08 00:54:00.055267,0 days 00:00:00.347350,False,False,True,True,LinearRegression,none,none,False,24,COMPLETE
450,22.652010208333333,2026-06-08 00:53:59.799060,2026-06-08 00:54:00.543149,0 days 00:00:00.744089,False,False,True,True,KNN,none,none,False,24,COMPLETE
451,22.652010208333333,2026-06-08 00:53:59.978466,2026-06-08 00:54:00.731970,0 days 00:00:00.753504,False,False,True,True,KNN,none,none,False,24,COMPLETE
452,22.652010208333333,2026-06-08 00:53:59.992120,2026-06-08 00:54:00.689662,0 days 00:00:00.697542,False,False,True,True,KNN,none,none,False,24,COMPLETE
453,22.652010208333333,2026-06-08 00:54:00.031305,2026-06-08 00:54:00.713039,0 days 00:00:00.681734,False,False,True,True,KNN,none,none,False,24,COMPLETE
454,22.652010208333333,2026-06-08 00:54:00.057699,2026-06-08 00:54:00.736252,0 days 00:00:00.678553,False,False,True,True,KNN,none,none,False,24,COMPLETE
455,22.652010208333333,2026-06-08 00:54:00.185354,2026-06-08 00:54:00.889829,0 days 00:00:00.704475,False,False,True,True,KNN,none,none,False,24,COMPLETE
456,22.652010208333333,2026-06-08 00:54:00.387593,2026-06-08 00:54:01.128352,0 days 00:00:00.740759,False,False,True,True,KNN,none,none,False,24,COMPLETE
457,22.652010208333333,2026-06-08 00:54:00.545106,2026-06-08 00:54:01.311092,0 days 00:00:00.765986,False,False,True,True,KNN,none,none,False,24,COMPLETE
458,24.178262044270827,2026-06-08 00:54:00.692517,2026-06-08 00:54:01.420294,0 days 00:00:00.727777,False,False,True,False,KNN,none,none,False,24,COMPLETE
459,24.178262044270827,2026-06-08 00:54:00.717678,2026-06-08 00:54:01.475677,0 days 00:00:00.757999,False,False,True,False,KNN,none,none,False,24,COMPLETE
460,27.326424316406246,2026-06-08 00:54:00.737961,2026-06-08 00:54:01.483490,0 days 00:00:00.745529,False,False,True,False,KNN,none,diff,False,24,COMPLETE
461,28.000107955729167,2026-06-08 00:54:00.740413,2026-06-08 00:54:01.451395,0 days 00:00:00.710982,False,False,True,True,KNN,none,diff,False,24,COMPLETE
462,30.561066534501578,2026-06-08 00:54:00.893271,2026-06-08 00:54:01.089538,0 days 00:00:00.196267,False,False,True,False,Lasso,none,diff,False,24,COMPLETE
463,22.652010208333333,2026-06-08 00:54:01.093244,2026-06-08 00:54:01.773742,0 days 00:00:00.680498,False,False,True,True,KNN,none,none,False,24,COMPLETE
464,22.652010208333333,2026-06-08 00:54:01.130834,2026-06-08 00:54:01.814434,0 days 00:00:00.683600,False,False,True,True,KNN,none,none,False,24,COMPLETE
465,22.652010208333333,2026-06-08 00:54:01.313110,2026-06-08 00:54:02.057772,0 days 00:00:00.744662,False,False,True,True,KNN,none,none,False,24,COMPLETE
466,22.652010208333333,2026-06-08 00:54:01.423504,2026-06-08 00:54:02.082936,0 days 00:00:00.659432,False,False,True,True,KNN,none,none,False,24,COMPLETE
467,22.652010208333333,2026-06-08 00:54:01.455010,2026-06-08 00:54:02.140401,0 days 00:00:00.685391,False,False,True,True,KNN,none,none,False,24,COMPLETE
468,22.652010208333333,2026-06-08 00:54:01.479009,2026-06-08 00:54:02.224255,0 days 00:00:00.745246,False,False,True,True,KNN,none,none,False,24,COMPLETE
469,22.652010208333333,2026-06-08 00:54:01.485717,2026-06-08 00:54:02.249476,0 days 00:00:00.763759,False,False,True,True,KNN,none,none,False,24,COMPLETE
470,22.652010208333333,2026-06-08 00:54:01.778235,2026-06-08 00:54:02.581564,0 days 00:00:00.803329,False,False,True,True,KNN,none,none,False,24,COMPLETE
471,22.652010208333333,2026-06-08 00:54:01.816568,2026-06-08 00:54:02.677083,0 days 00:00:00.860515,False,False,True,True,KNN,none,none,False,24,COMPLETE
472,22.652010208333333,2026-06-08 00:54:02.060995,2026-06-08 00:54:02.934113,0 days 00:00:00.873118,False,False,True,True,KNN,none,none,False,24,COMPLETE
473,28.57443774957912,2026-06-08 00:54:02.085529,2026-06-08 00:54:02.384058,0 days 00:00:00.298529,False,False,True,True,Ridge,none,none,False,24,COMPLETE
474,22.652010208333333,2026-06-08 00:54:02.142768,2026-06-08 00:54:03.026794,0 days 00:00:00.884026,False,False,True,True,KNN,none,none,False,24,COMPLETE
475,28.57443774957912,2026-06-08 00:54:02.226421,2026-06-08 00:54:02.519829,0 days 00:00:00.293408,False,False,True,True,Ridge,none,none,False,24,COMPLETE
476,28.57443774957912,2026-06-08 00:54:02.253081,2026-06-08 00:54:02.552543,0 days 00:00:00.299462,False,False,True,True,Ridge,none,none,False,24,COMPLETE
477,22.652010208333333,2026-06-08 00:54:02.385610,2026-06-08 00:54:03.199193,0 days 00:00:00.813583,False,False,True,True,KNN,none,none,False,24,COMPLETE
478,22.652010208333333,2026-06-08 00:54:02.523684,2026-06-08 00:54:03.289835,0 days 00:00:00.766151,False,False,True,True,KNN,none,none,False,24,COMPLETE
479,22.652010208333333,2026-06-08 00:54:02.555566,2026-06-08 00:54:03.311558,0 days 00:00:00.755992,False,False,True,True,KNN,none,none,False,24,COMPLETE
480,36.03420328776042,2026-06-08 00:54:02.585571,2026-06-08 00:54:02.849232,0 days 00:00:00.263661,False,False,True,True,DecisionTree,none,none,False,24,COMPLETE
481,22.652010208333333,2026-06-08 00:54:02.680715,2026-06-08 00:54:03.465957,0 days 00:00:00.785242,False,False,True,True,KNN,none,none,False,24,COMPLETE
482,22.652010208333333,2026-06-08 00:54:02.853483,2026-06-08 00:54:03.589533,0 days 00:00:00.736050,False,False,True,True,KNN,none,none,False,24,COMPLETE
483,22.652010208333333,2026-06-08 00:54:02.937387,2026-06-08 00:54:03.665215,0 days 00:00:00.727828,False,False,True,True,KNN,none,none,False,24,COMPLETE
484,22.652010208333333,2026-06-08 00:54:03.029990,2026-06-08 00:54:03.750021,0 days 00:00:00.720031,False,False,True,True,KNN,none,none,False,24,COMPLETE
485,22.652010208333333,2026-06-08 00:54:03.201812,2026-06-08 00:54:03.930889,0 days 00:00:00.729077,False,False,True,True,KNN,none,none,False,24,COMPLETE
486,22.652010208333333,2026-06-08 00:54:03.292442,2026-06-08 00:54:04.071614,0 days 00:00:00.779172,False,False,True,True,KNN,none,none,False,24,COMPLETE
487,22.652010208333333,2026-06-08 00:54:03.315064,2026-06-08 00:54:04.089214,0 days 00:00:00.774150,False,False,True,True,KNN,none,none,False,24,COMPLETE
488,22.652010208333333,2026-06-08 00:54:03.468538,2026-06-08 00:54:04.284868,0 days 00:00:00.816330,False,False,True,True,KNN,none,none,False,24,COMPLETE
489,22.652010208333333,2026-06-08 00:54:03.592577,2026-06-08 00:54:04.385521,0 days 00:00:00.792944,False,False,True,True,KNN,none,standard,False,24,COMPLETE
490,22.652010208333333,2026-06-08 00:54:03.667836,2026-06-08 00:54:04.463912,0 days 00:00:00.796076,False,False,True,True,KNN,none,standard,False,24,COMPLETE
491,32.673489052375864,2026-06-08 00:54:03.754844,2026-06-08 00:54:04.009929,0 days 00:00:00.255085,False,False,True,True,Lasso,none,none,False,24,COMPLETE
492,24.78113171916867,2026-06-08 00:54:03.934883,2026-06-08 00:54:04.196875,0 days 00:00:00.261992,False,False,True,True,Lasso,none,standard,False,24,COMPLETE
493,22.652010208333333,2026-06-08 00:54:04.012250,2026-06-08 00:54:04.763294,0 days 00:00:00.751044,False,False,True,True,KNN,none,none,False,24,COMPLETE
494,22.652010208333333,2026-06-08 00:54:04.077663,2026-06-08 00:54:04.793239,0 days 00:00:00.715576,False,False,True,True,KNN,none,none,False,24,COMPLETE
495,22.652010208333333,2026-06-08 00:54:04.091670,2026-06-08 00:54:04.813871,0 days 00:00:00.722201,False,False,True,True,KNN,none,standard,False,24,COMPLETE
496,22.652010208333333,2026-06-08 00:54:04.199725,2026-06-08 00:54:04.838405,0 days 00:00:00.638680,False,False,True,True,KNN,none,none,False,24,COMPLETE
497,22.652010208333333,2026-06-08 00:54:04.286874,2026-06-08 00:54:04.886304,0 days 00:00:00.599430,False,False,True,True,KNN,none,none,False,24,COMPLETE
498,22.652010208333333,2026-06-08 00:54:04.388047,2026-06-08 00:54:04.904587,0 days 00:00:00.516540,False,False,True,True,KNN,none,none,False,24,COMPLETE
499,22.652010208333333,2026-06-08 00:54:04.467051,2026-06-08 00:54:04.990205,0 days 00:00:00.523154,False,False,True,True,KNN,none,none,False,24,COMPLETE
