number,value,datetime_start,datetime_complete,duration,params_model,params_strategy,params_transform,params_use_tda,params_window,state
0,47.784905249095935,2026-06-08 00:51:20.515756,2026-06-08 00:51:20.789937,0 days 00:00:00.274181,LinearRegression,exclude,log_diff,False,48,COMPLETE
1,42.01361506696699,2026-06-08 00:51:20.517403,2026-06-08 00:51:20.879086,0 days 00:00:00.361683,LinearRegression,exclude,standard,False,48,COMPLETE
2,44.183240833333336,2026-06-08 00:51:20.519430,2026-06-08 00:51:20.786119,0 days 00:00:00.266689,DecisionTree,exclude,seasonal_diff,False,48,COMPLETE
3,43.923822384457466,2026-06-08 00:51:20.520379,2026-06-08 00:51:22.121374,0 days 00:00:01.600995,Ridge,exclude,seasonal_diff,True,36,COMPLETE
4,32.42829198524968,2026-06-08 00:51:20.525621,2026-06-08 00:51:28.900163,0 days 00:00:08.374542,GradientBoosting,winsorize,seasonal_diff,True,36,COMPLETE
5,31.278503870863855,2026-06-08 00:51:20.528690,2026-06-08 00:51:20.830120,0 days 00:00:00.301430,Ridge,none,standard,False,36,COMPLETE
6,42.01361506696699,2026-06-08 00:51:20.535403,2026-06-08 00:51:21.053036,0 days 00:00:00.517633,LinearRegression,winsorize,standard,False,48,COMPLETE
7,26.877051513417015,2026-06-08 00:51:20.799234,2026-06-08 00:51:22.553993,0 days 00:00:01.754759,Lasso,dummy,standard,True,48,COMPLETE
8,33.087637870633344,2026-06-08 00:51:20.817901,2026-06-08 00:51:29.289582,0 days 00:00:08.471681,GradientBoosting,none,diff,True,36,COMPLETE
9,26.360648259643582,2026-06-08 00:51:20.844158,2026-06-08 00:51:21.359515,0 days 00:00:00.515357,SVR_rbf,exclude,log_diff,False,24,COMPLETE
10,29.952926755668393,2026-06-08 00:51:20.887039,2026-06-08 00:51:29.645253,0 days 00:00:08.758214,GradientBoosting,winsorize,standard,True,48,COMPLETE
11,31.278503870863858,2026-06-08 00:51:21.059338,2026-06-08 00:51:21.642957,0 days 00:00:00.583619,Ridge,winsorize,none,False,36,COMPLETE
12,47.784905249095935,2026-06-08 00:51:21.376295,2026-06-08 00:51:21.561345,0 days 00:00:00.185050,LinearRegression,dummy,log_diff,False,48,COMPLETE
13,24.885501698340114,2026-06-08 00:51:21.568767,2026-06-08 00:51:21.843483,0 days 00:00:00.274716,ElasticNet,exclude,standard,False,24,COMPLETE
14,27.901596042941048,2026-06-08 00:51:21.644340,2026-06-08 00:51:29.385188,0 days 00:00:07.740848,GradientBoosting,exclude,none,True,24,COMPLETE
15,33.02118104019358,2026-06-08 00:51:21.845158,2026-06-08 00:51:23.644648,0 days 00:00:01.799490,ElasticNet,winsorize,diff,True,36,COMPLETE
16,28.432812883652666,2026-06-08 00:51:22.123812,2026-06-08 00:51:23.143321,0 days 00:00:01.019509,ElasticNet,dummy,diff,True,24,COMPLETE
17,28.132922724110863,2026-06-08 00:51:22.569112,2026-06-08 00:51:23.601589,0 days 00:00:01.032477,SVR_rbf,exclude,diff,True,24,COMPLETE
18,26.360648259643582,2026-06-08 00:51:23.149211,2026-06-08 00:51:23.503479,0 days 00:00:00.354268,SVR_rbf,exclude,log_diff,False,24,COMPLETE
19,29.625513937798512,2026-06-08 00:51:23.514744,2026-06-08 00:51:28.547201,0 days 00:00:05.032457,GradientBoosting,none,diff,False,24,COMPLETE
20,26.930025934253127,2026-06-08 00:51:23.605895,2026-06-08 00:51:23.745915,0 days 00:00:00.140020,ElasticNet,none,none,False,24,COMPLETE
21,24.330171562499995,2026-06-08 00:51:23.651479,2026-06-08 00:51:26.020824,0 days 00:00:02.369345,KNN,none,none,False,24,COMPLETE
22,28.210732894391782,2026-06-08 00:51:23.749055,2026-06-08 00:51:28.757850,0 days 00:00:05.008795,GradientBoosting,exclude,log_diff,False,24,COMPLETE
23,24.330171562499995,2026-06-08 00:51:26.031847,2026-06-08 00:51:27.770137,0 days 00:00:01.738290,KNN,none,none,False,24,COMPLETE
24,24.330171562499995,2026-06-08 00:51:27.795527,2026-06-08 00:51:28.866436,0 days 00:00:01.070909,KNN,none,none,False,24,COMPLETE
25,24.330171562499995,2026-06-08 00:51:28.583717,2026-06-08 00:51:29.056048,0 days 00:00:00.472331,KNN,none,none,False,24,COMPLETE
26,24.330171562499995,2026-06-08 00:51:28.759107,2026-06-08 00:51:29.237607,0 days 00:00:00.478500,KNN,none,none,False,24,COMPLETE
27,24.330171562499995,2026-06-08 00:51:28.867506,2026-06-08 00:51:29.450108,0 days 00:00:00.582602,KNN,none,none,False,24,COMPLETE
28,24.330171562499995,2026-06-08 00:51:28.902431,2026-06-08 00:51:29.470199,0 days 00:00:00.567768,KNN,none,none,False,24,COMPLETE
29,24.330171562499995,2026-06-08 00:51:29.058609,2026-06-08 00:51:29.593701,0 days 00:00:00.535092,KNN,none,none,False,24,COMPLETE
30,24.330171562499995,2026-06-08 00:51:29.241506,2026-06-08 00:51:29.775151,0 days 00:00:00.533645,KNN,none,none,False,24,COMPLETE
31,24.330171562499995,2026-06-08 00:51:29.291445,2026-06-08 00:51:29.831280,0 days 00:00:00.539835,KNN,none,none,False,24,COMPLETE
32,24.330171562499995,2026-06-08 00:51:29.388736,2026-06-08 00:51:29.902162,0 days 00:00:00.513426,KNN,none,none,False,24,COMPLETE
33,24.330171562499995,2026-06-08 00:51:29.453319,2026-06-08 00:51:29.993022,0 days 00:00:00.539703,KNN,none,none,False,24,COMPLETE
34,24.330171562499995,2026-06-08 00:51:29.472371,2026-06-08 00:51:30.025286,0 days 00:00:00.552915,KNN,none,none,False,24,COMPLETE
35,24.330171562499995,2026-06-08 00:51:29.595789,2026-06-08 00:51:30.201123,0 days 00:00:00.605334,KNN,none,none,False,24,COMPLETE
36,24.330171562499995,2026-06-08 00:51:29.649295,2026-06-08 00:51:30.261619,0 days 00:00:00.612324,KNN,none,none,False,24,COMPLETE
37,24.330171562499995,2026-06-08 00:51:29.779381,2026-06-08 00:51:30.387414,0 days 00:00:00.608033,KNN,none,none,False,24,COMPLETE
38,24.330171562499995,2026-06-08 00:51:29.833172,2026-06-08 00:51:30.439948,0 days 00:00:00.606776,KNN,none,none,False,24,COMPLETE
39,31.535332031250004,2026-06-08 00:51:29.904964,2026-06-08 00:51:30.006189,0 days 00:00:00.101225,DecisionTree,none,none,False,24,COMPLETE
40,31.535332031250004,2026-06-08 00:51:29.995648,2026-06-08 00:51:30.150781,0 days 00:00:00.155133,DecisionTree,none,none,False,24,COMPLETE
41,32.83297124999999,2026-06-08 00:51:30.010676,2026-06-08 00:51:30.478304,0 days 00:00:00.467628,KNN,none,seasonal_diff,False,24,COMPLETE
42,33.57454949239137,2026-06-08 00:51:30.026752,2026-06-08 00:51:30.119416,0 days 00:00:00.092664,Lasso,none,seasonal_diff,False,24,COMPLETE
43,24.330171562499995,2026-06-08 00:51:30.121116,2026-06-08 00:51:31.254329,0 days 00:00:01.133213,KNN,none,none,False,24,COMPLETE
44,37.6057175,2026-06-08 00:51:30.153296,2026-06-08 00:51:30.477195,0 days 00:00:00.323899,KNN,none,seasonal_diff,False,48,COMPLETE
45,37.6057175,2026-06-08 00:51:30.202971,2026-06-08 00:51:30.514182,0 days 00:00:00.311211,KNN,dummy,seasonal_diff,False,48,COMPLETE
46,37.6057175,2026-06-08 00:51:30.264276,2026-06-08 00:51:30.628484,0 days 00:00:00.364208,KNN,dummy,seasonal_diff,False,48,COMPLETE
47,32.83297124999999,2026-06-08 00:51:30.388933,2026-06-08 00:51:32.492387,0 days 00:00:02.103454,KNN,none,seasonal_diff,False,24,COMPLETE
48,37.6057175,2026-06-08 00:51:30.441471,2026-06-08 00:51:31.514187,0 days 00:00:01.072716,KNN,dummy,seasonal_diff,False,48,COMPLETE
49,31.278503870863858,2026-06-08 00:51:30.480610,2026-06-08 00:51:30.610878,0 days 00:00:00.130268,Ridge,dummy,none,False,36,COMPLETE
50,31.278503870863858,2026-06-08 00:51:30.483762,2026-06-08 00:51:30.626446,0 days 00:00:00.142684,Ridge,dummy,none,False,36,COMPLETE
51,31.278503870863858,2026-06-08 00:51:30.518376,2026-06-08 00:51:30.698234,0 days 00:00:00.179858,Ridge,none,none,False,36,COMPLETE
52,35.382258807752116,2026-06-08 00:51:30.617650,2026-06-08 00:51:31.171310,0 days 00:00:00.553660,LinearRegression,winsorize,none,False,36,COMPLETE
53,29.076662642720347,2026-06-08 00:51:30.627422,2026-06-08 00:51:31.221540,0 days 00:00:00.594118,LinearRegression,winsorize,standard,False,24,COMPLETE
54,29.076662642720347,2026-06-08 00:51:30.629977,2026-06-08 00:51:31.095457,0 days 00:00:00.465480,LinearRegression,winsorize,standard,False,24,COMPLETE
55,32.07978564234576,2026-06-08 00:51:30.709524,2026-06-08 00:51:32.065504,0 days 00:00:01.355980,LinearRegression,winsorize,standard,True,24,COMPLETE
56,39.09358019830397,2026-06-08 00:51:31.112785,2026-06-08 00:51:32.895330,0 days 00:00:01.782545,Lasso,none,none,True,24,COMPLETE
57,24.330171562499995,2026-06-08 00:51:31.210571,2026-06-08 00:51:34.678277,0 days 00:00:03.467706,KNN,none,none,False,24,COMPLETE
58,39.09358019830397,2026-06-08 00:51:31.250438,2026-06-08 00:51:33.486875,0 days 00:00:02.236437,Lasso,none,none,True,24,COMPLETE
59,29.086236666666665,2026-06-08 00:51:31.268855,2026-06-08 00:51:34.760263,0 days 00:00:03.491408,KNN,none,none,True,24,COMPLETE
60,39.09358019830397,2026-06-08 00:51:31.531881,2026-06-08 00:51:33.693275,0 days 00:00:02.161394,Lasso,none,none,True,24,COMPLETE
61,39.09358019830397,2026-06-08 00:51:32.069054,2026-06-08 00:51:33.930941,0 days 00:00:01.861887,Lasso,none,none,True,24,COMPLETE
62,39.09358019830397,2026-06-08 00:51:32.500046,2026-06-08 00:51:34.333677,0 days 00:00:01.833631,Lasso,none,none,True,24,COMPLETE
63,26.360648259643582,2026-06-08 00:51:32.898544,2026-06-08 00:51:33.893174,0 days 00:00:00.994630,SVR_rbf,none,log_diff,False,24,COMPLETE
64,24.405837789373614,2026-06-08 00:51:33.495340,2026-06-08 00:51:34.356492,0 days 00:00:00.861152,SVR_rbf,none,none,False,24,COMPLETE
65,27.58438903646975,2026-06-08 00:51:33.725858,2026-06-08 00:51:34.365722,0 days 00:00:00.639864,SVR_rbf,none,diff,False,24,COMPLETE
66,27.895876406249997,2026-06-08 00:51:33.894485,2026-06-08 00:51:34.921679,0 days 00:00:01.027194,KNN,none,diff,False,24,COMPLETE
67,24.330171562499995,2026-06-08 00:51:33.935695,2026-06-08 00:51:34.989324,0 days 00:00:01.053629,KNN,none,none,False,24,COMPLETE
68,24.330171562499995,2026-06-08 00:51:34.335829,2026-06-08 00:51:35.089147,0 days 00:00:00.753318,KNN,none,none,False,24,COMPLETE
69,27.895876406249997,2026-06-08 00:51:34.362471,2026-06-08 00:51:35.032299,0 days 00:00:00.669828,KNN,none,diff,False,24,COMPLETE
70,24.330171562499995,2026-06-08 00:51:34.368391,2026-06-08 00:51:35.098848,0 days 00:00:00.730457,KNN,none,none,False,24,COMPLETE
71,24.330171562499995,2026-06-08 00:51:34.680599,2026-06-08 00:51:35.292475,0 days 00:00:00.611876,KNN,exclude,none,False,24,COMPLETE
72,24.330171562499995,2026-06-08 00:51:34.763866,2026-06-08 00:51:35.373812,0 days 00:00:00.609946,KNN,none,none,False,24,COMPLETE
73,24.330171562499995,2026-06-08 00:51:34.927063,2026-06-08 00:51:35.519864,0 days 00:00:00.592801,KNN,exclude,none,False,24,COMPLETE
74,26.876312109332886,2026-06-08 00:51:34.992955,2026-06-08 00:51:35.601460,0 days 00:00:00.608505,KNN,none,log_diff,False,24,COMPLETE
75,27.19369566356455,2026-06-08 00:51:35.035789,2026-06-08 00:51:35.171216,0 days 00:00:00.135427,ElasticNet,none,log_diff,False,24,COMPLETE
76,33.55090775910379,2026-06-08 00:51:35.097315,2026-06-08 00:51:35.217493,0 days 00:00:00.120178,DecisionTree,exclude,log_diff,False,24,COMPLETE
77,24.330171562499995,2026-06-08 00:51:35.102651,2026-06-08 00:51:35.689485,0 days 00:00:00.586834,KNN,none,none,False,24,COMPLETE
78,24.330171562499995,2026-06-08 00:51:35.173302,2026-06-08 00:51:35.725475,0 days 00:00:00.552173,KNN,exclude,none,False,24,COMPLETE
79,24.330171562499995,2026-06-08 00:51:35.219239,2026-06-08 00:51:35.749658,0 days 00:00:00.530419,KNN,none,none,False,24,COMPLETE
80,24.330171562499995,2026-06-08 00:51:35.294760,2026-06-08 00:51:35.820574,0 days 00:00:00.525814,KNN,none,none,False,24,COMPLETE
81,24.330171562499995,2026-06-08 00:51:35.376279,2026-06-08 00:51:35.901568,0 days 00:00:00.525289,KNN,none,none,False,24,COMPLETE
82,26.627840989526096,2026-06-08 00:51:35.523432,2026-06-08 00:51:38.494534,0 days 00:00:02.971102,GradientBoosting,none,none,False,24,COMPLETE
83,28.57020628236866,2026-06-08 00:51:35.603881,2026-06-08 00:51:37.996289,0 days 00:00:02.392408,GradientBoosting,none,none,False,48,COMPLETE
84,28.57020628236866,2026-06-08 00:51:35.692210,2026-06-08 00:51:38.096483,0 days 00:00:02.404273,GradientBoosting,none,none,False,48,COMPLETE
85,26.68310666666666,2026-06-08 00:51:35.727369,2026-06-08 00:51:36.091860,0 days 00:00:00.364491,KNN,none,none,False,48,COMPLETE
86,26.68310666666666,2026-06-08 00:51:35.753644,2026-06-08 00:51:36.103772,0 days 00:00:00.350128,KNN,none,none,False,48,COMPLETE
87,24.330171562499995,2026-06-08 00:51:35.822643,2026-06-08 00:51:36.302801,0 days 00:00:00.480158,KNN,none,none,False,24,COMPLETE
88,28.57020628236866,2026-06-08 00:51:35.903776,2026-06-08 00:51:38.233686,0 days 00:00:02.329910,GradientBoosting,none,none,False,48,COMPLETE
89,24.330171562499995,2026-06-08 00:51:36.094831,2026-06-08 00:51:36.563428,0 days 00:00:00.468597,KNN,none,none,False,24,COMPLETE
90,26.627840989526096,2026-06-08 00:51:36.108335,2026-06-08 00:51:38.986453,0 days 00:00:02.878118,GradientBoosting,none,none,False,24,COMPLETE
91,30.477427415052237,2026-06-08 00:51:36.304851,2026-06-08 00:51:38.657727,0 days 00:00:02.352876,GradientBoosting,none,none,False,36,COMPLETE
92,26.627840989526096,2026-06-08 00:51:36.564633,2026-06-08 00:51:39.680977,0 days 00:00:03.116344,GradientBoosting,none,none,False,24,COMPLETE
93,34.74678534722222,2026-06-08 00:51:37.998728,2026-06-08 00:51:38.059897,0 days 00:00:00.061169,DecisionTree,none,none,False,36,COMPLETE
94,24.330171562499995,2026-06-08 00:51:38.062347,2026-06-08 00:51:38.573608,0 days 00:00:00.511261,KNN,none,none,False,24,COMPLETE
95,24.330171562499995,2026-06-08 00:51:38.098578,2026-06-08 00:51:38.610941,0 days 00:00:00.512363,KNN,none,standard,False,24,COMPLETE
96,24.885501698340114,2026-06-08 00:51:38.234942,2026-06-08 00:51:38.313434,0 days 00:00:00.078492,ElasticNet,none,standard,False,24,COMPLETE
97,24.330171562499995,2026-06-08 00:51:38.320084,2026-06-08 00:51:38.846509,0 days 00:00:00.526425,KNN,none,none,False,24,COMPLETE
98,24.330171562499995,2026-06-08 00:51:38.496638,2026-06-08 00:51:39.063266,0 days 00:00:00.566628,KNN,none,none,False,24,COMPLETE
99,24.330171562499995,2026-06-08 00:51:38.575886,2026-06-08 00:51:39.229437,0 days 00:00:00.653551,KNN,none,none,False,24,COMPLETE
100,24.330171562499995,2026-06-08 00:51:38.614695,2026-06-08 00:51:39.258716,0 days 00:00:00.644021,KNN,none,none,False,24,COMPLETE
101,24.330171562499995,2026-06-08 00:51:38.660318,2026-06-08 00:51:39.462215,0 days 00:00:00.801897,KNN,winsorize,none,False,24,COMPLETE
102,24.330171562499995,2026-06-08 00:51:38.849927,2026-06-08 00:51:39.752933,0 days 00:00:00.903006,KNN,winsorize,none,False,24,COMPLETE
103,24.330171562499995,2026-06-08 00:51:38.989012,2026-06-08 00:51:39.884967,0 days 00:00:00.895955,KNN,winsorize,none,False,24,COMPLETE
104,27.60323273450721,2026-06-08 00:51:39.066614,2026-06-08 00:51:39.306486,0 days 00:00:00.239872,Ridge,winsorize,none,False,24,COMPLETE
105,27.60323273450721,2026-06-08 00:51:39.235453,2026-06-08 00:51:39.546236,0 days 00:00:00.310783,Ridge,winsorize,none,False,24,COMPLETE
106,27.60323273450721,2026-06-08 00:51:39.266835,2026-06-08 00:51:39.570352,0 days 00:00:00.303517,Ridge,winsorize,none,False,24,COMPLETE
107,24.330171562499995,2026-06-08 00:51:39.309944,2026-06-08 00:51:40.011103,0 days 00:00:00.701159,KNN,dummy,none,False,24,COMPLETE
108,24.330171562499995,2026-06-08 00:51:39.468717,2026-06-08 00:51:40.085358,0 days 00:00:00.616641,KNN,dummy,none,False,24,COMPLETE
109,24.330171562499995,2026-06-08 00:51:39.548860,2026-06-08 00:51:40.100904,0 days 00:00:00.552044,KNN,dummy,none,False,24,COMPLETE
110,24.330171562499995,2026-06-08 00:51:39.572912,2026-06-08 00:51:40.145362,0 days 00:00:00.572450,KNN,dummy,none,False,24,COMPLETE
111,24.330171562499995,2026-06-08 00:51:39.683347,2026-06-08 00:51:40.244951,0 days 00:00:00.561604,KNN,dummy,none,False,24,COMPLETE
112,24.330171562499995,2026-06-08 00:51:39.755418,2026-06-08 00:51:40.311777,0 days 00:00:00.556359,KNN,none,none,False,24,COMPLETE
113,32.83297124999999,2026-06-08 00:51:39.886466,2026-06-08 00:51:40.312922,0 days 00:00:00.426456,KNN,dummy,seasonal_diff,False,24,COMPLETE
114,27.895876406249997,2026-06-08 00:51:40.014129,2026-06-08 00:51:40.625175,0 days 00:00:00.611046,KNN,none,diff,False,24,COMPLETE
115,27.895876406249997,2026-06-08 00:51:40.090041,2026-06-08 00:51:40.780982,0 days 00:00:00.690941,KNN,none,diff,False,24,COMPLETE
116,27.895876406249997,2026-06-08 00:51:40.105570,2026-06-08 00:51:40.899077,0 days 00:00:00.793507,KNN,none,diff,False,24,COMPLETE
117,32.83297124999999,2026-06-08 00:51:40.146758,2026-06-08 00:51:40.596731,0 days 00:00:00.449973,KNN,none,seasonal_diff,False,24,COMPLETE
118,27.895876406249997,2026-06-08 00:51:40.247195,2026-06-08 00:51:41.556411,0 days 00:00:01.309216,KNN,none,diff,False,24,COMPLETE
119,28.821847496976797,2026-06-08 00:51:40.317680,2026-06-08 00:51:40.415207,0 days 00:00:00.097527,LinearRegression,none,diff,False,24,COMPLETE
120,27.895876406249997,2026-06-08 00:51:40.321548,2026-06-08 00:51:41.763792,0 days 00:00:01.442244,KNN,none,diff,False,24,COMPLETE
121,24.330171562499995,2026-06-08 00:51:40.418184,2026-06-08 00:51:42.158194,0 days 00:00:01.740010,KNN,none,none,False,24,COMPLETE
122,29.086236666666665,2026-06-08 00:51:40.599698,2026-06-08 00:51:43.200281,0 days 00:00:02.600583,KNN,none,none,True,24,COMPLETE
123,28.835755208333328,2026-06-08 00:51:40.646867,2026-06-08 00:51:41.582123,0 days 00:00:00.935256,DecisionTree,none,none,True,24,COMPLETE
124,26.919461200014197,2026-06-08 00:51:40.783905,2026-06-08 00:51:42.969182,0 days 00:00:02.185277,SVR_rbf,none,none,True,36,COMPLETE
125,32.92837043981481,2026-06-08 00:51:40.900141,2026-06-08 00:51:43.042894,0 days 00:00:02.142753,DecisionTree,none,none,True,36,COMPLETE
126,26.919461200014197,2026-06-08 00:51:41.558781,2026-06-08 00:51:43.376999,0 days 00:00:01.818218,SVR_rbf,none,none,True,36,COMPLETE
127,24.330171562499995,2026-06-08 00:51:41.585564,2026-06-08 00:51:43.470807,0 days 00:00:01.885243,KNN,none,none,False,24,COMPLETE
128,25.627675831926066,2026-06-08 00:51:41.770084,2026-06-08 00:51:42.268754,0 days 00:00:00.498670,SVR_rbf,none,none,False,36,COMPLETE
129,25.627675831926066,2026-06-08 00:51:42.167985,2026-06-08 00:51:42.683475,0 days 00:00:00.515490,SVR_rbf,none,none,False,36,COMPLETE
130,24.330171562499995,2026-06-08 00:51:42.275905,2026-06-08 00:51:43.618975,0 days 00:00:01.343070,KNN,none,none,False,24,COMPLETE
131,26.930025934253127,2026-06-08 00:51:42.731964,2026-06-08 00:51:43.083489,0 days 00:00:00.351525,ElasticNet,none,none,False,24,COMPLETE
132,26.930025934253127,2026-06-08 00:51:42.972824,2026-06-08 00:51:43.253733,0 days 00:00:00.280909,ElasticNet,none,none,False,24,COMPLETE
133,26.930025934253127,2026-06-08 00:51:43.045996,2026-06-08 00:51:43.345903,0 days 00:00:00.299907,ElasticNet,none,none,False,24,COMPLETE
134,26.876312109332886,2026-06-08 00:51:43.089186,2026-06-08 00:51:43.780349,0 days 00:00:00.691163,KNN,none,log_diff,False,24,COMPLETE
135,26.876312109332886,2026-06-08 00:51:43.206631,2026-06-08 00:51:43.828824,0 days 00:00:00.622193,KNN,none,log_diff,False,24,COMPLETE
136,26.876312109332886,2026-06-08 00:51:43.263353,2026-06-08 00:51:43.845188,0 days 00:00:00.581835,KNN,none,log_diff,False,24,COMPLETE
137,24.330171562499995,2026-06-08 00:51:43.347932,2026-06-08 00:51:43.937420,0 days 00:00:00.589488,KNN,none,none,False,24,COMPLETE
138,26.876312109332886,2026-06-08 00:51:43.378519,2026-06-08 00:51:43.925292,0 days 00:00:00.546773,KNN,none,log_diff,False,24,COMPLETE
139,26.876312109332886,2026-06-08 00:51:43.473279,2026-06-08 00:51:44.056404,0 days 00:00:00.583125,KNN,none,log_diff,False,24,COMPLETE
140,26.876312109332886,2026-06-08 00:51:43.621326,2026-06-08 00:51:44.217026,0 days 00:00:00.595700,KNN,none,log_diff,False,24,COMPLETE
141,24.330171562499995,2026-06-08 00:51:43.783658,2026-06-08 00:51:44.366682,0 days 00:00:00.583024,KNN,none,none,False,24,COMPLETE
142,24.330171562499995,2026-06-08 00:51:43.831513,2026-06-08 00:51:44.403773,0 days 00:00:00.572260,KNN,exclude,none,False,24,COMPLETE
143,24.330171562499995,2026-06-08 00:51:43.848073,2026-06-08 00:51:44.438844,0 days 00:00:00.590771,KNN,none,none,False,24,COMPLETE
144,24.330171562499995,2026-06-08 00:51:43.928194,2026-06-08 00:51:44.532106,0 days 00:00:00.603912,KNN,exclude,none,False,24,COMPLETE
145,24.330171562499995,2026-06-08 00:51:43.940917,2026-06-08 00:51:44.511182,0 days 00:00:00.570265,KNN,exclude,standard,False,24,COMPLETE
146,24.74070582794145,2026-06-08 00:51:44.060849,2026-06-08 00:51:44.176192,0 days 00:00:00.115343,Lasso,exclude,standard,False,24,COMPLETE
147,24.330171562499995,2026-06-08 00:51:44.178167,2026-06-08 00:51:44.780463,0 days 00:00:00.602296,KNN,none,none,False,24,COMPLETE
148,24.330171562499995,2026-06-08 00:51:44.220486,2026-06-08 00:51:44.824358,0 days 00:00:00.603872,KNN,none,none,False,24,COMPLETE
149,24.330171562499995,2026-06-08 00:51:44.371304,2026-06-08 00:51:44.947165,0 days 00:00:00.575861,KNN,none,none,False,24,COMPLETE
150,24.330171562499995,2026-06-08 00:51:44.409067,2026-06-08 00:51:44.996195,0 days 00:00:00.587128,KNN,none,none,False,24,COMPLETE
151,24.330171562499995,2026-06-08 00:51:44.441409,2026-06-08 00:51:45.033906,0 days 00:00:00.592497,KNN,none,none,False,24,COMPLETE
152,24.330171562499995,2026-06-08 00:51:44.514161,2026-06-08 00:51:45.117624,0 days 00:00:00.603463,KNN,none,none,False,24,COMPLETE
153,29.076662642720358,2026-06-08 00:51:44.533995,2026-06-08 00:51:44.650686,0 days 00:00:00.116691,LinearRegression,none,none,False,24,COMPLETE
154,24.330171562499995,2026-06-08 00:51:44.653128,2026-06-08 00:51:45.228964,0 days 00:00:00.575836,KNN,none,none,False,24,COMPLETE
155,24.330171562499995,2026-06-08 00:51:44.784895,2026-06-08 00:51:45.350740,0 days 00:00:00.565845,KNN,none,none,False,24,COMPLETE
156,24.330171562499995,2026-06-08 00:51:44.828122,2026-06-08 00:51:45.403799,0 days 00:00:00.575677,KNN,none,none,False,24,COMPLETE
157,24.330171562499995,2026-06-08 00:51:44.951458,2026-06-08 00:51:45.507737,0 days 00:00:00.556279,KNN,none,none,False,24,COMPLETE
158,24.330171562499995,2026-06-08 00:51:45.001011,2026-06-08 00:51:45.558027,0 days 00:00:00.557016,KNN,none,none,False,24,COMPLETE
159,24.330171562499995,2026-06-08 00:51:45.035980,2026-06-08 00:51:45.560064,0 days 00:00:00.524084,KNN,none,none,False,24,COMPLETE
160,24.330171562499995,2026-06-08 00:51:45.119573,2026-06-08 00:51:45.666222,0 days 00:00:00.546649,KNN,none,none,False,24,COMPLETE
161,24.330171562499995,2026-06-08 00:51:45.233263,2026-06-08 00:51:45.773049,0 days 00:00:00.539786,KNN,none,none,False,24,COMPLETE
162,26.68310666666666,2026-06-08 00:51:45.354937,2026-06-08 00:51:45.805336,0 days 00:00:00.450399,KNN,none,none,False,48,COMPLETE
163,26.68310666666666,2026-06-08 00:51:45.408112,2026-06-08 00:51:45.865084,0 days 00:00:00.456972,KNN,none,none,False,48,COMPLETE
164,26.68310666666666,2026-06-08 00:51:45.510734,2026-06-08 00:51:45.960224,0 days 00:00:00.449490,KNN,none,none,False,48,COMPLETE
165,26.68310666666666,2026-06-08 00:51:45.561346,2026-06-08 00:51:46.036695,0 days 00:00:00.475349,KNN,none,none,False,48,COMPLETE
166,37.6057175,2026-06-08 00:51:45.563246,2026-06-08 00:51:45.851117,0 days 00:00:00.287871,KNN,none,seasonal_diff,False,48,COMPLETE
167,26.68310666666666,2026-06-08 00:51:45.671958,2026-06-08 00:51:46.221792,0 days 00:00:00.549834,KNN,none,none,False,48,COMPLETE
168,24.330171562499995,2026-06-08 00:51:45.775280,2026-06-08 00:51:46.461516,0 days 00:00:00.686236,KNN,none,none,False,24,COMPLETE
169,32.83297124999999,2026-06-08 00:51:45.809720,2026-06-08 00:51:46.340964,0 days 00:00:00.531244,KNN,none,seasonal_diff,False,24,COMPLETE
170,24.330171562499995,2026-06-08 00:51:45.854574,2026-06-08 00:51:46.521644,0 days 00:00:00.667070,KNN,none,none,False,24,COMPLETE
171,31.58477065638604,2026-06-08 00:51:45.871042,2026-06-08 00:51:46.011127,0 days 00:00:00.140085,Lasso,none,none,False,24,COMPLETE
172,31.58477065638604,2026-06-08 00:51:45.962181,2026-06-08 00:51:46.133307,0 days 00:00:00.171126,Lasso,none,none,False,24,COMPLETE
173,24.330171562499995,2026-06-08 00:51:46.013315,2026-06-08 00:51:46.631489,0 days 00:00:00.618174,KNN,none,none,False,24,COMPLETE
174,27.60323273450721,2026-06-08 00:51:46.040255,2026-06-08 00:51:46.193372,0 days 00:00:00.153117,Ridge,none,none,False,24,COMPLETE
175,24.330171562499995,2026-06-08 00:51:46.136155,2026-06-08 00:51:46.707152,0 days 00:00:00.570997,KNN,none,none,False,24,COMPLETE
176,24.330171562499995,2026-06-08 00:51:46.194655,2026-06-08 00:51:46.756340,0 days 00:00:00.561685,KNN,none,none,False,24,COMPLETE
177,24.330171562499995,2026-06-08 00:51:46.224420,2026-06-08 00:51:46.871070,0 days 00:00:00.646650,KNN,none,none,False,24,COMPLETE
178,24.330171562499995,2026-06-08 00:51:46.342966,2026-06-08 00:51:46.987019,0 days 00:00:00.644053,KNN,none,none,False,24,COMPLETE
179,24.330171562499995,2026-06-08 00:51:46.463249,2026-06-08 00:51:47.093075,0 days 00:00:00.629826,KNN,none,none,False,24,COMPLETE
180,24.330171562499995,2026-06-08 00:51:46.524377,2026-06-08 00:51:47.138544,0 days 00:00:00.614167,KNN,none,none,False,24,COMPLETE
181,29.076662642720358,2026-06-08 00:51:46.633263,2026-06-08 00:51:46.767518,0 days 00:00:00.134255,LinearRegression,none,none,False,24,COMPLETE
182,31.535332031250004,2026-06-08 00:51:46.711719,2026-06-08 00:51:46.881245,0 days 00:00:00.169526,DecisionTree,none,none,False,24,COMPLETE
183,24.330171562499995,2026-06-08 00:51:46.757403,2026-06-08 00:51:47.356236,0 days 00:00:00.598833,KNN,none,none,False,24,COMPLETE
184,31.535332031250004,2026-06-08 00:51:46.769338,2026-06-08 00:51:46.929870,0 days 00:00:00.160532,DecisionTree,none,none,False,24,COMPLETE
185,24.330171562499995,2026-06-08 00:51:46.874052,2026-06-08 00:51:47.436831,0 days 00:00:00.562779,KNN,none,none,False,24,COMPLETE
186,24.330171562499995,2026-06-08 00:51:46.892411,2026-06-08 00:51:47.415321,0 days 00:00:00.522910,KNN,none,none,False,24,COMPLETE
187,24.330171562499995,2026-06-08 00:51:46.933356,2026-06-08 00:51:47.486383,0 days 00:00:00.553027,KNN,none,none,False,24,COMPLETE
188,24.330171562499995,2026-06-08 00:51:46.989415,2026-06-08 00:51:47.556578,0 days 00:00:00.567163,KNN,none,none,False,24,COMPLETE
189,24.330171562499995,2026-06-08 00:51:47.094894,2026-06-08 00:51:47.670685,0 days 00:00:00.575791,KNN,none,none,False,24,COMPLETE
190,24.330171562499995,2026-06-08 00:51:47.140664,2026-06-08 00:51:47.696880,0 days 00:00:00.556216,KNN,none,none,False,24,COMPLETE
191,24.330171562499995,2026-06-08 00:51:47.360082,2026-06-08 00:51:47.916443,0 days 00:00:00.556361,KNN,none,none,False,24,COMPLETE
192,24.330171562499995,2026-06-08 00:51:47.416843,2026-06-08 00:51:48.000584,0 days 00:00:00.583741,KNN,none,none,False,24,COMPLETE
193,24.330171562499995,2026-06-08 00:51:47.440156,2026-06-08 00:51:47.976426,0 days 00:00:00.536270,KNN,none,none,False,24,COMPLETE
194,24.330171562499995,2026-06-08 00:51:47.488768,2026-06-08 00:51:48.039501,0 days 00:00:00.550733,KNN,none,none,False,24,COMPLETE
195,24.330171562499995,2026-06-08 00:51:47.558536,2026-06-08 00:51:48.086616,0 days 00:00:00.528080,KNN,none,none,False,24,COMPLETE
196,24.330171562499995,2026-06-08 00:51:47.673090,2026-06-08 00:51:48.221056,0 days 00:00:00.547966,KNN,none,none,False,24,COMPLETE
197,24.330171562499995,2026-06-08 00:51:47.701540,2026-06-08 00:51:48.261698,0 days 00:00:00.560158,KNN,none,none,False,24,COMPLETE
198,24.330171562499995,2026-06-08 00:51:47.919458,2026-06-08 00:51:48.473408,0 days 00:00:00.553950,KNN,none,none,False,24,COMPLETE
199,24.330171562499995,2026-06-08 00:51:47.979522,2026-06-08 00:51:48.533029,0 days 00:00:00.553507,KNN,none,none,False,24,COMPLETE
200,24.330171562499995,2026-06-08 00:51:48.003419,2026-06-08 00:51:48.561911,0 days 00:00:00.558492,KNN,none,none,False,24,COMPLETE
201,24.330171562499995,2026-06-08 00:51:48.043067,2026-06-08 00:51:48.639809,0 days 00:00:00.596742,KNN,none,none,False,24,COMPLETE
202,24.330171562499995,2026-06-08 00:51:48.089207,2026-06-08 00:51:48.649080,0 days 00:00:00.559873,KNN,none,standard,False,24,COMPLETE
203,24.330171562499995,2026-06-08 00:51:48.222967,2026-06-08 00:51:48.775055,0 days 00:00:00.552088,KNN,none,none,False,24,COMPLETE
204,24.330171562499995,2026-06-08 00:51:48.263460,2026-06-08 00:51:48.814080,0 days 00:00:00.550620,KNN,none,standard,False,24,COMPLETE
205,24.330171562499995,2026-06-08 00:51:48.475812,2026-06-08 00:51:49.069092,0 days 00:00:00.593280,KNN,none,standard,False,24,COMPLETE
206,24.330171562499995,2026-06-08 00:51:48.535950,2026-06-08 00:51:49.173438,0 days 00:00:00.637488,KNN,none,none,False,24,COMPLETE
207,24.330171562499995,2026-06-08 00:51:48.565568,2026-06-08 00:51:49.221864,0 days 00:00:00.656296,KNN,none,standard,False,24,COMPLETE
208,24.330171562499995,2026-06-08 00:51:48.641885,2026-06-08 00:51:49.650863,0 days 00:00:01.008978,KNN,none,none,False,24,COMPLETE
209,24.330171562499995,2026-06-08 00:51:48.653573,2026-06-08 00:51:49.485143,0 days 00:00:00.831570,KNN,none,none,False,24,COMPLETE
210,24.330171562499995,2026-06-08 00:51:48.777577,2026-06-08 00:51:50.768494,0 days 00:00:01.990917,KNN,none,none,False,24,COMPLETE
211,27.60323273450721,2026-06-08 00:51:48.817506,2026-06-08 00:51:48.941121,0 days 00:00:00.123615,Ridge,none,none,False,24,COMPLETE
212,24.330171562499995,2026-06-08 00:51:48.943889,2026-06-08 00:51:51.307003,0 days 00:00:02.363114,KNN,winsorize,none,False,24,COMPLETE
213,29.086236666666665,2026-06-08 00:51:49.073041,2026-06-08 00:51:51.656712,0 days 00:00:02.583671,KNN,none,none,True,24,COMPLETE
214,28.7027183101764,2026-06-08 00:51:49.179592,2026-06-08 00:51:50.597250,0 days 00:00:01.417658,ElasticNet,none,none,True,24,COMPLETE
215,28.7027183101764,2026-06-08 00:51:49.223959,2026-06-08 00:51:50.684719,0 days 00:00:01.460760,ElasticNet,none,none,True,24,COMPLETE
216,28.7027183101764,2026-06-08 00:51:49.492865,2026-06-08 00:51:51.125222,0 days 00:00:01.632357,ElasticNet,dummy,none,True,24,COMPLETE
217,26.930025934253127,2026-06-08 00:51:49.686770,2026-06-08 00:51:50.977811,0 days 00:00:01.291041,ElasticNet,winsorize,none,False,24,COMPLETE
218,24.330171562499995,2026-06-08 00:51:50.652411,2026-06-08 00:51:51.865718,0 days 00:00:01.213307,KNN,winsorize,none,False,24,COMPLETE
219,24.330171562499995,2026-06-08 00:51:50.687605,2026-06-08 00:51:51.883129,0 days 00:00:01.195524,KNN,winsorize,none,False,24,COMPLETE
220,24.330171562499995,2026-06-08 00:51:50.773273,2026-06-08 00:51:51.880382,0 days 00:00:01.107109,KNN,winsorize,none,False,24,COMPLETE
221,26.627840989526096,2026-06-08 00:51:50.994068,2026-06-08 00:51:54.350287,0 days 00:00:03.356219,GradientBoosting,dummy,none,False,24,COMPLETE
222,26.627840989526096,2026-06-08 00:51:51.126614,2026-06-08 00:51:54.402345,0 days 00:00:03.275731,GradientBoosting,none,none,False,24,COMPLETE
223,26.627840989526096,2026-06-08 00:51:51.311304,2026-06-08 00:51:54.480897,0 days 00:00:03.169593,GradientBoosting,none,none,False,24,COMPLETE
224,26.627840989526096,2026-06-08 00:51:51.658773,2026-06-08 00:51:54.670685,0 days 00:00:03.011912,GradientBoosting,none,none,False,24,COMPLETE
225,26.627840989526096,2026-06-08 00:51:51.867667,2026-06-08 00:51:54.780719,0 days 00:00:02.913052,GradientBoosting,none,none,False,24,COMPLETE
226,24.330171562499995,2026-06-08 00:51:51.881773,2026-06-08 00:51:52.363088,0 days 00:00:00.481315,KNN,none,none,False,24,COMPLETE
227,26.627840989526096,2026-06-08 00:51:51.884974,2026-06-08 00:51:54.800481,0 days 00:00:02.915507,GradientBoosting,exclude,none,False,24,COMPLETE
228,24.330171562499995,2026-06-08 00:51:52.364762,2026-06-08 00:51:52.847538,0 days 00:00:00.482776,KNN,exclude,none,False,24,COMPLETE
229,26.627840989526096,2026-06-08 00:51:52.849551,2026-06-08 00:51:55.773485,0 days 00:00:02.923934,GradientBoosting,exclude,none,False,24,COMPLETE
230,24.330171562499995,2026-06-08 00:51:54.352844,2026-06-08 00:51:54.988710,0 days 00:00:00.635866,KNN,exclude,none,False,24,COMPLETE
231,24.330171562499995,2026-06-08 00:51:54.405855,2026-06-08 00:51:55.006687,0 days 00:00:00.600832,KNN,exclude,none,False,24,COMPLETE
232,34.083172670260694,2026-06-08 00:51:54.484418,2026-06-08 00:51:54.562742,0 days 00:00:00.078324,LinearRegression,exclude,seasonal_diff,False,24,COMPLETE
233,26.74618166666667,2026-06-08 00:51:54.563768,2026-06-08 00:51:55.079333,0 days 00:00:00.515565,KNN,none,none,False,36,COMPLETE
234,26.74618166666667,2026-06-08 00:51:54.672416,2026-06-08 00:51:55.136580,0 days 00:00:00.464164,KNN,exclude,none,False,36,COMPLETE
235,26.74618166666667,2026-06-08 00:51:54.784243,2026-06-08 00:51:55.204720,0 days 00:00:00.420477,KNN,exclude,none,False,36,COMPLETE
236,26.74618166666667,2026-06-08 00:51:54.804536,2026-06-08 00:51:55.228019,0 days 00:00:00.423483,KNN,exclude,none,False,36,COMPLETE
237,24.330171562499995,2026-06-08 00:51:54.991891,2026-06-08 00:51:55.523257,0 days 00:00:00.531366,KNN,none,none,False,24,COMPLETE
238,26.74618166666667,2026-06-08 00:51:55.007944,2026-06-08 00:51:55.423115,0 days 00:00:00.415171,KNN,none,none,False,36,COMPLETE
239,24.330171562499995,2026-06-08 00:51:55.081190,2026-06-08 00:51:55.593644,0 days 00:00:00.512454,KNN,none,none,False,24,COMPLETE
240,24.330171562499995,2026-06-08 00:51:55.139667,2026-06-08 00:51:55.711050,0 days 00:00:00.571383,KNN,none,none,False,24,COMPLETE
241,24.330171562499995,2026-06-08 00:51:55.208160,2026-06-08 00:51:55.794805,0 days 00:00:00.586645,KNN,none,none,False,24,COMPLETE
242,24.330171562499995,2026-06-08 00:51:55.231500,2026-06-08 00:51:55.830146,0 days 00:00:00.598646,KNN,none,none,False,24,COMPLETE
243,24.330171562499995,2026-06-08 00:51:55.426096,2026-06-08 00:51:56.029328,0 days 00:00:00.603232,KNN,none,none,False,24,COMPLETE
244,24.330171562499995,2026-06-08 00:51:55.525925,2026-06-08 00:51:56.132421,0 days 00:00:00.606496,KNN,none,none,False,24,COMPLETE
245,24.405837789373614,2026-06-08 00:51:55.595525,2026-06-08 00:51:55.755023,0 days 00:00:00.159498,SVR_rbf,none,none,False,24,COMPLETE
246,24.330171562499995,2026-06-08 00:51:55.713924,2026-06-08 00:51:56.300919,0 days 00:00:00.586995,KNN,none,none,False,24,COMPLETE
247,24.330171562499995,2026-06-08 00:51:55.759305,2026-06-08 00:51:56.309807,0 days 00:00:00.550502,KNN,none,none,False,24,COMPLETE
248,24.330171562499995,2026-06-08 00:51:55.777145,2026-06-08 00:51:56.347179,0 days 00:00:00.570034,KNN,none,none,False,24,COMPLETE
249,24.330171562499995,2026-06-08 00:51:55.797301,2026-06-08 00:51:56.357966,0 days 00:00:00.560665,KNN,none,none,False,24,COMPLETE
250,24.330171562499995,2026-06-08 00:51:55.833166,2026-06-08 00:51:56.411324,0 days 00:00:00.578158,KNN,none,none,False,24,COMPLETE
251,24.330171562499995,2026-06-08 00:51:56.032540,2026-06-08 00:51:56.611172,0 days 00:00:00.578632,KNN,none,none,False,24,COMPLETE
252,24.330171562499995,2026-06-08 00:51:56.134989,2026-06-08 00:51:56.739333,0 days 00:00:00.604344,KNN,none,none,False,24,COMPLETE
253,27.895876406249997,2026-06-08 00:51:56.302597,2026-06-08 00:51:56.920474,0 days 00:00:00.617877,KNN,none,diff,False,24,COMPLETE
254,27.895876406249997,2026-06-08 00:51:56.311807,2026-06-08 00:51:56.948015,0 days 00:00:00.636208,KNN,none,diff,False,24,COMPLETE
255,27.895876406249997,2026-06-08 00:51:56.349865,2026-06-08 00:51:56.906886,0 days 00:00:00.557021,KNN,exclude,diff,False,24,COMPLETE
256,27.895876406249997,2026-06-08 00:51:56.362116,2026-06-08 00:51:56.953139,0 days 00:00:00.591023,KNN,exclude,diff,False,24,COMPLETE
257,24.330171562499995,2026-06-08 00:51:56.415366,2026-06-08 00:51:57.026819,0 days 00:00:00.611453,KNN,exclude,none,False,24,COMPLETE
258,29.816617459298328,2026-06-08 00:51:56.614110,2026-06-08 00:51:56.735062,0 days 00:00:00.120952,Lasso,exclude,diff,False,24,COMPLETE
259,24.330171562499995,2026-06-08 00:51:56.737430,2026-06-08 00:51:57.389043,0 days 00:00:00.651613,KNN,none,none,False,24,COMPLETE
260,24.330171562499995,2026-06-08 00:51:56.741765,2026-06-08 00:51:57.390813,0 days 00:00:00.649048,KNN,none,none,False,24,COMPLETE
261,24.330171562499995,2026-06-08 00:51:56.909154,2026-06-08 00:51:57.625735,0 days 00:00:00.716581,KNN,none,none,False,24,COMPLETE
262,24.330171562499995,2026-06-08 00:51:56.926401,2026-06-08 00:51:57.609349,0 days 00:00:00.682948,KNN,none,none,False,24,COMPLETE
263,27.60323273450721,2026-06-08 00:51:56.950143,2026-06-08 00:51:57.140081,0 days 00:00:00.189938,Ridge,none,none,False,24,COMPLETE
264,31.535332031250004,2026-06-08 00:51:56.956065,2026-06-08 00:51:57.171085,0 days 00:00:00.215020,DecisionTree,none,none,False,24,COMPLETE
265,31.535332031250004,2026-06-08 00:51:57.029596,2026-06-08 00:51:57.204816,0 days 00:00:00.175220,DecisionTree,none,none,False,24,COMPLETE
266,31.535332031250004,2026-06-08 00:51:57.142020,2026-06-08 00:51:57.313301,0 days 00:00:00.171281,DecisionTree,none,none,False,24,COMPLETE
267,32.83297124999999,2026-06-08 00:51:57.173603,2026-06-08 00:51:57.674576,0 days 00:00:00.500973,KNN,none,seasonal_diff,False,24,COMPLETE
268,24.330171562499995,2026-06-08 00:51:57.206383,2026-06-08 00:51:57.933944,0 days 00:00:00.727561,KNN,none,none,False,24,COMPLETE
269,32.83297124999999,2026-06-08 00:51:57.316818,2026-06-08 00:51:57.863413,0 days 00:00:00.546595,KNN,none,seasonal_diff,False,24,COMPLETE
270,24.330171562499995,2026-06-08 00:51:57.392803,2026-06-08 00:51:58.124646,0 days 00:00:00.731843,KNN,none,none,False,24,COMPLETE
271,32.83297124999999,2026-06-08 00:51:57.395676,2026-06-08 00:51:57.980391,0 days 00:00:00.584715,KNN,none,seasonal_diff,False,24,COMPLETE
272,34.083172670260694,2026-06-08 00:51:57.611481,2026-06-08 00:51:57.787744,0 days 00:00:00.176263,LinearRegression,none,seasonal_diff,False,24,COMPLETE
273,34.083172670260694,2026-06-08 00:51:57.627613,2026-06-08 00:51:57.818482,0 days 00:00:00.190869,LinearRegression,none,seasonal_diff,False,24,COMPLETE
274,26.876312109332886,2026-06-08 00:51:57.678199,2026-06-08 00:51:58.360776,0 days 00:00:00.682577,KNN,none,log_diff,False,24,COMPLETE
275,26.876312109332886,2026-06-08 00:51:57.791457,2026-06-08 00:51:58.442461,0 days 00:00:00.651004,KNN,none,log_diff,False,24,COMPLETE
276,26.876312109332886,2026-06-08 00:51:57.821940,2026-06-08 00:51:58.444218,0 days 00:00:00.622278,KNN,none,log_diff,False,24,COMPLETE
277,24.330171562499995,2026-06-08 00:51:57.865602,2026-06-08 00:51:58.513456,0 days 00:00:00.647854,KNN,none,none,False,24,COMPLETE
278,26.876312109332886,2026-06-08 00:51:57.937644,2026-06-08 00:51:58.632153,0 days 00:00:00.694509,KNN,none,log_diff,False,24,COMPLETE
279,24.330171562499995,2026-06-08 00:51:57.984144,2026-06-08 00:51:58.699122,0 days 00:00:00.714978,KNN,none,none,False,24,COMPLETE
280,24.330171562499995,2026-06-08 00:51:58.127240,2026-06-08 00:51:58.885471,0 days 00:00:00.758231,KNN,none,none,False,24,COMPLETE
281,24.330171562499995,2026-06-08 00:51:58.363459,2026-06-08 00:51:59.089557,0 days 00:00:00.726098,KNN,dummy,none,False,24,COMPLETE
282,24.405837789373614,2026-06-08 00:51:58.446129,2026-06-08 00:51:58.689042,0 days 00:00:00.242913,SVR_rbf,dummy,none,False,24,COMPLETE
283,24.405837789373614,2026-06-08 00:51:58.449881,2026-06-08 00:51:58.706141,0 days 00:00:00.256260,SVR_rbf,dummy,none,False,24,COMPLETE
284,24.405837789373614,2026-06-08 00:51:58.517461,2026-06-08 00:51:58.816232,0 days 00:00:00.298771,SVR_rbf,none,none,False,24,COMPLETE
285,24.405837789373614,2026-06-08 00:51:58.635907,2026-06-08 00:51:58.891204,0 days 00:00:00.255297,SVR_rbf,dummy,none,False,24,COMPLETE
286,24.330171562499995,2026-06-08 00:51:58.693697,2026-06-08 00:51:59.320180,0 days 00:00:00.626483,KNN,none,none,False,24,COMPLETE
287,24.330171562499995,2026-06-08 00:51:58.702148,2026-06-08 00:51:59.399032,0 days 00:00:00.696884,KNN,none,none,False,24,COMPLETE
288,24.330171562499995,2026-06-08 00:51:58.710358,2026-06-08 00:51:59.336140,0 days 00:00:00.625782,KNN,none,none,False,24,COMPLETE
289,24.330171562499995,2026-06-08 00:51:58.818308,2026-06-08 00:51:59.553837,0 days 00:00:00.735529,KNN,none,none,False,24,COMPLETE
290,26.68310666666666,2026-06-08 00:51:58.888706,2026-06-08 00:51:59.328347,0 days 00:00:00.439641,KNN,none,none,False,48,COMPLETE
291,26.68310666666666,2026-06-08 00:51:58.893065,2026-06-08 00:51:59.359084,0 days 00:00:00.466019,KNN,none,none,False,48,COMPLETE
292,35.343873243191844,2026-06-08 00:51:59.094348,2026-06-08 00:51:59.223265,0 days 00:00:00.128917,Lasso,none,none,False,48,COMPLETE
293,24.330171562499995,2026-06-08 00:51:59.224671,2026-06-08 00:52:00.665297,0 days 00:00:01.440626,KNN,none,none,False,24,COMPLETE
294,24.330171562499995,2026-06-08 00:51:59.323226,2026-06-08 00:52:00.792809,0 days 00:00:01.469583,KNN,none,none,False,24,COMPLETE
295,24.330171562499995,2026-06-08 00:51:59.330996,2026-06-08 00:52:00.758620,0 days 00:00:01.427624,KNN,exclude,none,False,24,COMPLETE
296,24.330171562499995,2026-06-08 00:51:59.340087,2026-06-08 00:52:00.772258,0 days 00:00:01.432171,KNN,exclude,none,False,24,COMPLETE
297,29.51738876490838,2026-06-08 00:51:59.362273,2026-06-08 00:52:00.205377,0 days 00:00:00.843104,Ridge,exclude,none,True,24,COMPLETE
298,24.330171562499995,2026-06-08 00:51:59.401804,2026-06-08 00:52:00.825070,0 days 00:00:01.423266,KNN,exclude,none,False,24,COMPLETE
299,29.51738876490838,2026-06-08 00:51:59.562204,2026-06-08 00:52:00.515712,0 days 00:00:00.953508,Ridge,exclude,none,True,24,COMPLETE
300,24.330171562499995,2026-06-08 00:52:00.211257,2026-06-08 00:52:01.005544,0 days 00:00:00.794287,KNN,none,none,False,24,COMPLETE
301,24.330171562499995,2026-06-08 00:52:00.517767,2026-06-08 00:52:01.098113,0 days 00:00:00.580346,KNN,none,none,False,24,COMPLETE
302,24.330171562499995,2026-06-08 00:52:00.670977,2026-06-08 00:52:01.237145,0 days 00:00:00.566168,KNN,none,none,False,24,COMPLETE
303,24.330171562499995,2026-06-08 00:52:00.761410,2026-06-08 00:52:01.339185,0 days 00:00:00.577775,KNN,none,none,False,24,COMPLETE
304,24.330171562499995,2026-06-08 00:52:00.774766,2026-06-08 00:52:01.361997,0 days 00:00:00.587231,KNN,none,none,False,24,COMPLETE
305,24.330171562499995,2026-06-08 00:52:00.800099,2026-06-08 00:52:01.360898,0 days 00:00:00.560799,KNN,none,none,False,24,COMPLETE
306,24.330171562499995,2026-06-08 00:52:00.827013,2026-06-08 00:52:01.416927,0 days 00:00:00.589914,KNN,none,none,False,24,COMPLETE
307,24.330171562499995,2026-06-08 00:52:01.008874,2026-06-08 00:52:01.578625,0 days 00:00:00.569751,KNN,none,none,False,24,COMPLETE
308,24.330171562499995,2026-06-08 00:52:01.099934,2026-06-08 00:52:01.658726,0 days 00:00:00.558792,KNN,none,none,False,24,COMPLETE
309,24.330171562499995,2026-06-08 00:52:01.239957,2026-06-08 00:52:01.842702,0 days 00:00:00.602745,KNN,none,none,False,24,COMPLETE
310,24.330171562499995,2026-06-08 00:52:01.342139,2026-06-08 00:52:01.914124,0 days 00:00:00.571985,KNN,none,none,False,24,COMPLETE
311,24.330171562499995,2026-06-08 00:52:01.366732,2026-06-08 00:52:01.935861,0 days 00:00:00.569129,KNN,none,standard,False,24,COMPLETE
312,24.330171562499995,2026-06-08 00:52:01.373758,2026-06-08 00:52:01.942956,0 days 00:00:00.569198,KNN,none,standard,False,24,COMPLETE
313,24.330171562499995,2026-06-08 00:52:01.419583,2026-06-08 00:52:02.011009,0 days 00:00:00.591426,KNN,none,none,False,24,COMPLETE
314,24.330171562499995,2026-06-08 00:52:01.584402,2026-06-08 00:52:02.204356,0 days 00:00:00.619954,KNN,none,none,False,24,COMPLETE
315,24.330171562499995,2026-06-08 00:52:01.660435,2026-06-08 00:52:02.282477,0 days 00:00:00.622042,KNN,none,none,False,24,COMPLETE
316,24.330171562499995,2026-06-08 00:52:01.845535,2026-06-08 00:52:02.431739,0 days 00:00:00.586204,KNN,none,none,False,24,COMPLETE
317,24.330171562499995,2026-06-08 00:52:01.917006,2026-06-08 00:52:02.519152,0 days 00:00:00.602146,KNN,none,standard,False,24,COMPLETE
318,24.330171562499995,2026-06-08 00:52:01.938319,2026-06-08 00:52:02.560307,0 days 00:00:00.621988,KNN,none,none,False,24,COMPLETE
319,31.58477065638604,2026-06-08 00:52:01.946778,2026-06-08 00:52:02.101884,0 days 00:00:00.155106,Lasso,none,none,False,24,COMPLETE
320,24.330171562499995,2026-06-08 00:52:02.016810,2026-06-08 00:52:02.604925,0 days 00:00:00.588115,KNN,none,none,False,24,COMPLETE
321,24.330171562499995,2026-06-08 00:52:02.104050,2026-06-08 00:52:02.687799,0 days 00:00:00.583749,KNN,none,none,False,24,COMPLETE
322,24.330171562499995,2026-06-08 00:52:02.205932,2026-06-08 00:52:02.768816,0 days 00:00:00.562884,KNN,none,none,False,24,COMPLETE
323,24.330171562499995,2026-06-08 00:52:02.285741,2026-06-08 00:52:02.890589,0 days 00:00:00.604848,KNN,none,none,False,24,COMPLETE
324,24.330171562499995,2026-06-08 00:52:02.433696,2026-06-08 00:52:03.022414,0 days 00:00:00.588718,KNN,none,none,False,24,COMPLETE
325,24.330171562499995,2026-06-08 00:52:02.522588,2026-06-08 00:52:03.219177,0 days 00:00:00.696589,KNN,none,none,False,24,COMPLETE
326,24.330171562499995,2026-06-08 00:52:02.561936,2026-06-08 00:52:03.279078,0 days 00:00:00.717142,KNN,none,none,False,24,COMPLETE
327,24.330171562499995,2026-06-08 00:52:02.608880,2026-06-08 00:52:03.359770,0 days 00:00:00.750890,KNN,none,none,False,24,COMPLETE
328,24.330171562499995,2026-06-08 00:52:02.692650,2026-06-08 00:52:03.595909,0 days 00:00:00.903259,KNN,none,none,False,24,COMPLETE
329,24.330171562499995,2026-06-08 00:52:02.771268,2026-06-08 00:52:03.787625,0 days 00:00:01.016357,KNN,none,none,False,24,COMPLETE
330,29.076662642720358,2026-06-08 00:52:02.895087,2026-06-08 00:52:03.164499,0 days 00:00:00.269412,LinearRegression,winsorize,none,False,24,COMPLETE
331,29.076662642720358,2026-06-08 00:52:03.025400,2026-06-08 00:52:03.303766,0 days 00:00:00.278366,LinearRegression,winsorize,none,False,24,COMPLETE
332,24.330171562499995,2026-06-08 00:52:03.167837,2026-06-08 00:52:04.658123,0 days 00:00:01.490286,KNN,none,none,False,24,COMPLETE
333,26.930025934253127,2026-06-08 00:52:03.223728,2026-06-08 00:52:03.465268,0 days 00:00:00.241540,ElasticNet,none,none,False,24,COMPLETE
334,24.330171562499995,2026-06-08 00:52:03.283483,2026-06-08 00:52:04.707711,0 days 00:00:01.424228,KNN,none,none,False,24,COMPLETE
335,31.413774252173727,2026-06-08 00:52:03.306462,2026-06-08 00:52:04.475147,0 days 00:00:01.168685,ElasticNet,none,none,True,36,COMPLETE
336,26.9084975,2026-06-08 00:52:03.361787,2026-06-08 00:52:05.334425,0 days 00:00:01.972638,KNN,none,none,True,36,COMPLETE
337,26.74618166666667,2026-06-08 00:52:03.466981,2026-06-08 00:52:04.683339,0 days 00:00:01.216358,KNN,none,none,False,36,COMPLETE
338,29.086236666666665,2026-06-08 00:52:03.599458,2026-06-08 00:52:05.309372,0 days 00:00:01.709914,KNN,exclude,none,True,24,COMPLETE
339,24.330171562499995,2026-06-08 00:52:03.794986,2026-06-08 00:52:05.239305,0 days 00:00:01.444319,KNN,exclude,none,False,24,COMPLETE
340,24.330171562499995,2026-06-08 00:52:04.477071,2026-06-08 00:52:05.563256,0 days 00:00:01.086185,KNN,exclude,none,False,24,COMPLETE
341,24.330171562499995,2026-06-08 00:52:04.662603,2026-06-08 00:52:05.632192,0 days 00:00:00.969589,KNN,exclude,none,False,24,COMPLETE
342,24.330171562499995,2026-06-08 00:52:04.685117,2026-06-08 00:52:05.688773,0 days 00:00:01.003656,KNN,exclude,none,False,24,COMPLETE
343,24.330171562499995,2026-06-08 00:52:04.709678,2026-06-08 00:52:05.702891,0 days 00:00:00.993213,KNN,exclude,none,False,24,COMPLETE
344,24.330171562499995,2026-06-08 00:52:05.243168,2026-06-08 00:52:05.975454,0 days 00:00:00.732286,KNN,none,none,False,24,COMPLETE
345,31.535332031250004,2026-06-08 00:52:05.311085,2026-06-08 00:52:05.481714,0 days 00:00:00.170629,DecisionTree,none,none,False,24,COMPLETE
346,31.535332031250004,2026-06-08 00:52:05.337321,2026-06-08 00:52:05.471167,0 days 00:00:00.133846,DecisionTree,none,none,False,24,COMPLETE
347,24.330171562499995,2026-06-08 00:52:05.475140,2026-06-08 00:52:06.199794,0 days 00:00:00.724654,KNN,none,none,False,24,COMPLETE
348,24.330171562499995,2026-06-08 00:52:05.486262,2026-06-08 00:52:06.174350,0 days 00:00:00.688088,KNN,none,none,False,24,COMPLETE
349,24.330171562499995,2026-06-08 00:52:05.566994,2026-06-08 00:52:06.296880,0 days 00:00:00.729886,KNN,none,none,False,24,COMPLETE
350,31.58477065638604,2026-06-08 00:52:05.634755,2026-06-08 00:52:05.820449,0 days 00:00:00.185694,Lasso,none,none,False,24,COMPLETE
351,31.58477065638604,2026-06-08 00:52:05.694093,2026-06-08 00:52:05.892181,0 days 00:00:00.198088,Lasso,none,none,False,24,COMPLETE
352,31.58477065638604,2026-06-08 00:52:05.707097,2026-06-08 00:52:05.919661,0 days 00:00:00.212564,Lasso,none,none,False,24,COMPLETE
353,26.68310666666666,2026-06-08 00:52:05.826979,2026-06-08 00:52:06.376120,0 days 00:00:00.549141,KNN,none,none,False,48,COMPLETE
354,26.68310666666666,2026-06-08 00:52:05.893847,2026-06-08 00:52:06.393097,0 days 00:00:00.499250,KNN,none,none,False,48,COMPLETE
355,24.330171562499995,2026-06-08 00:52:05.922137,2026-06-08 00:52:06.543215,0 days 00:00:00.621078,KNN,none,none,False,24,COMPLETE
356,33.045879859414384,2026-06-08 00:52:05.978524,2026-06-08 00:52:06.090711,0 days 00:00:00.112187,Ridge,none,none,False,48,COMPLETE
357,24.330171562499995,2026-06-08 00:52:06.092549,2026-06-08 00:52:06.689400,0 days 00:00:00.596851,KNN,none,none,False,24,COMPLETE
358,24.330171562499995,2026-06-08 00:52:06.177229,2026-06-08 00:52:06.765723,0 days 00:00:00.588494,KNN,none,none,False,24,COMPLETE
359,24.330171562499995,2026-06-08 00:52:06.202774,2026-06-08 00:52:06.783665,0 days 00:00:00.580891,KNN,none,none,False,24,COMPLETE
360,24.330171562499995,2026-06-08 00:52:06.299567,2026-06-08 00:52:06.868051,0 days 00:00:00.568484,KNN,none,none,False,24,COMPLETE
361,24.330171562499995,2026-06-08 00:52:06.378182,2026-06-08 00:52:06.988080,0 days 00:00:00.609898,KNN,none,none,False,24,COMPLETE
362,24.330171562499995,2026-06-08 00:52:06.397294,2026-06-08 00:52:06.953199,0 days 00:00:00.555905,KNN,none,none,False,24,COMPLETE
363,24.330171562499995,2026-06-08 00:52:06.546370,2026-06-08 00:52:07.136355,0 days 00:00:00.589985,KNN,none,none,False,24,COMPLETE
364,27.895876406249997,2026-06-08 00:52:06.692034,2026-06-08 00:52:07.276645,0 days 00:00:00.584611,KNN,none,diff,False,24,COMPLETE
365,27.895876406249997,2026-06-08 00:52:06.768522,2026-06-08 00:52:07.376090,0 days 00:00:00.607568,KNN,none,diff,False,24,COMPLETE
366,27.895876406249997,2026-06-08 00:52:06.786304,2026-06-08 00:52:07.351991,0 days 00:00:00.565687,KNN,none,diff,False,24,COMPLETE
367,27.895876406249997,2026-06-08 00:52:06.871959,2026-06-08 00:52:07.458584,0 days 00:00:00.586625,KNN,none,diff,False,24,COMPLETE
368,26.876312109332886,2026-06-08 00:52:06.955158,2026-06-08 00:52:07.569262,0 days 00:00:00.614104,KNN,none,log_diff,False,24,COMPLETE
369,27.895876406249997,2026-06-08 00:52:06.990121,2026-06-08 00:52:07.570334,0 days 00:00:00.580213,KNN,none,diff,False,24,COMPLETE
370,26.876312109332886,2026-06-08 00:52:07.139340,2026-06-08 00:52:07.741638,0 days 00:00:00.602298,KNN,none,log_diff,False,24,COMPLETE
371,26.876312109332886,2026-06-08 00:52:07.279980,2026-06-08 00:52:07.894823,0 days 00:00:00.614843,KNN,none,log_diff,False,24,COMPLETE
372,26.876312109332886,2026-06-08 00:52:07.354356,2026-06-08 00:52:07.941050,0 days 00:00:00.586694,KNN,dummy,log_diff,False,24,COMPLETE
373,26.876312109332886,2026-06-08 00:52:07.379721,2026-06-08 00:52:07.996681,0 days 00:00:00.616960,KNN,none,log_diff,False,24,COMPLETE
374,26.876312109332886,2026-06-08 00:52:07.461174,2026-06-08 00:52:08.101655,0 days 00:00:00.640481,KNN,dummy,log_diff,False,24,COMPLETE
375,24.330171562499995,2026-06-08 00:52:07.571658,2026-06-08 00:52:08.267916,0 days 00:00:00.696258,KNN,dummy,none,False,24,COMPLETE
376,24.330171562499995,2026-06-08 00:52:07.574612,2026-06-08 00:52:08.266332,0 days 00:00:00.691720,KNN,dummy,none,False,24,COMPLETE
377,24.330171562499995,2026-06-08 00:52:07.745289,2026-06-08 00:52:08.695704,0 days 00:00:00.950415,KNN,winsorize,none,False,24,COMPLETE
378,24.330171562499995,2026-06-08 00:52:07.897431,2026-06-08 00:52:08.843647,0 days 00:00:00.946216,KNN,dummy,none,False,24,COMPLETE
379,24.330171562499995,2026-06-08 00:52:07.945497,2026-06-08 00:52:08.969102,0 days 00:00:01.023605,KNN,winsorize,none,False,24,COMPLETE
380,24.330171562499995,2026-06-08 00:52:08.000028,2026-06-08 00:52:09.089493,0 days 00:00:01.089465,KNN,winsorize,none,False,24,COMPLETE
381,24.330171562499995,2026-06-08 00:52:08.104793,2026-06-08 00:52:09.297555,0 days 00:00:01.192762,KNN,winsorize,none,False,24,COMPLETE
382,27.60323273450721,2026-06-08 00:52:08.269952,2026-06-08 00:52:08.595679,0 days 00:00:00.325727,Ridge,winsorize,none,False,24,COMPLETE
383,27.60323273450721,2026-06-08 00:52:08.272282,2026-06-08 00:52:08.501533,0 days 00:00:00.229251,Ridge,none,none,False,24,COMPLETE
384,24.405837789373614,2026-06-08 00:52:08.506812,2026-06-08 00:52:08.901245,0 days 00:00:00.394433,SVR_rbf,winsorize,none,False,24,COMPLETE
385,24.405837789373614,2026-06-08 00:52:08.597704,2026-06-08 00:52:08.913371,0 days 00:00:00.315667,SVR_rbf,none,none,False,24,COMPLETE
386,24.405837789373614,2026-06-08 00:52:08.702565,2026-06-08 00:52:09.044398,0 days 00:00:00.341833,SVR_rbf,none,none,False,24,COMPLETE
387,24.405837789373614,2026-06-08 00:52:08.845810,2026-06-08 00:52:09.232657,0 days 00:00:00.386847,SVR_rbf,none,none,False,24,COMPLETE
388,24.330171562499995,2026-06-08 00:52:08.905311,2026-06-08 00:52:11.250987,0 days 00:00:02.345676,KNN,none,standard,False,24,COMPLETE
389,29.076662642720347,2026-06-08 00:52:08.917358,2026-06-08 00:52:09.126892,0 days 00:00:00.209534,LinearRegression,none,standard,False,24,COMPLETE
390,32.83297124999999,2026-06-08 00:52:08.971088,2026-06-08 00:52:11.115701,0 days 00:00:02.144613,KNN,none,seasonal_diff,False,24,COMPLETE
391,29.086236666666665,2026-06-08 00:52:09.049491,2026-06-08 00:52:11.704204,0 days 00:00:02.654713,KNN,none,none,True,24,COMPLETE
392,187.20436830975984,2026-06-08 00:52:09.092193,2026-06-08 00:52:10.114185,0 days 00:00:01.021992,LinearRegression,none,seasonal_diff,True,24,COMPLETE
393,29.086236666666665,2026-06-08 00:52:09.129283,2026-06-08 00:52:11.768227,0 days 00:00:02.638944,KNN,none,none,True,24,COMPLETE
394,38.13655795867818,2026-06-08 00:52:09.239739,2026-06-08 00:52:10.543498,0 days 00:00:01.303759,ElasticNet,none,seasonal_diff,True,24,COMPLETE
395,28.7027183101764,2026-06-08 00:52:09.309151,2026-06-08 00:52:10.766536,0 days 00:00:01.457385,ElasticNet,none,none,True,24,COMPLETE
396,26.930025934253127,2026-06-08 00:52:10.117931,2026-06-08 00:52:10.818095,0 days 00:00:00.700164,ElasticNet,none,none,False,24,COMPLETE
397,24.330171562499995,2026-06-08 00:52:10.586060,2026-06-08 00:52:11.863993,0 days 00:00:01.277933,KNN,none,none,False,24,COMPLETE
398,26.627840989526096,2026-06-08 00:52:10.768721,2026-06-08 00:52:14.640185,0 days 00:00:03.871464,GradientBoosting,exclude,none,False,24,COMPLETE
399,24.330171562499995,2026-06-08 00:52:10.820551,2026-06-08 00:52:11.930681,0 days 00:00:01.110130,KNN,exclude,none,False,24,COMPLETE
400,26.74618166666667,2026-06-08 00:52:11.118773,2026-06-08 00:52:11.906317,0 days 00:00:00.787544,KNN,exclude,none,False,36,COMPLETE
401,26.74618166666667,2026-06-08 00:52:11.252966,2026-06-08 00:52:11.986702,0 days 00:00:00.733736,KNN,none,none,False,36,COMPLETE
402,30.477427415052237,2026-06-08 00:52:11.707507,2026-06-08 00:52:14.380442,0 days 00:00:02.672935,GradientBoosting,none,none,False,36,COMPLETE
403,30.477427415052237,2026-06-08 00:52:11.769845,2026-06-08 00:52:14.324759,0 days 00:00:02.554914,GradientBoosting,exclude,none,False,36,COMPLETE
404,24.330171562499995,2026-06-08 00:52:11.867236,2026-06-08 00:52:12.361284,0 days 00:00:00.494048,KNN,exclude,none,False,24,COMPLETE
405,26.627840989526096,2026-06-08 00:52:11.908252,2026-06-08 00:52:15.037516,0 days 00:00:03.129264,GradientBoosting,none,none,False,24,COMPLETE
406,24.330171562499995,2026-06-08 00:52:11.932299,2026-06-08 00:52:12.430332,0 days 00:00:00.498033,KNN,none,none,False,24,COMPLETE
407,24.330171562499995,2026-06-08 00:52:11.991094,2026-06-08 00:52:12.463206,0 days 00:00:00.472112,KNN,none,none,False,24,COMPLETE
408,24.330171562499995,2026-06-08 00:52:12.363140,2026-06-08 00:52:12.893435,0 days 00:00:00.530295,KNN,none,none,False,24,COMPLETE
409,31.535332031250004,2026-06-08 00:52:12.434162,2026-06-08 00:52:12.555498,0 days 00:00:00.121336,DecisionTree,none,none,False,24,COMPLETE
410,26.627840989526096,2026-06-08 00:52:12.464789,2026-06-08 00:52:15.522513,0 days 00:00:03.057724,GradientBoosting,none,none,False,24,COMPLETE
411,24.330171562499995,2026-06-08 00:52:12.556652,2026-06-08 00:52:13.036578,0 days 00:00:00.479926,KNN,none,none,False,24,COMPLETE
412,24.330171562499995,2026-06-08 00:52:12.894243,2026-06-08 00:52:13.357740,0 days 00:00:00.463497,KNN,none,none,False,24,COMPLETE
413,26.627840989526096,2026-06-08 00:52:13.038586,2026-06-08 00:52:16.032468,0 days 00:00:02.993882,GradientBoosting,none,none,False,24,COMPLETE
414,26.627840989526096,2026-06-08 00:52:13.360419,2026-06-08 00:52:16.421960,0 days 00:00:03.061541,GradientBoosting,none,none,False,24,COMPLETE
415,24.330171562499995,2026-06-08 00:52:14.327452,2026-06-08 00:52:14.821442,0 days 00:00:00.493990,KNN,none,none,False,24,COMPLETE
416,24.330171562499995,2026-06-08 00:52:14.383302,2026-06-08 00:52:14.867945,0 days 00:00:00.484643,KNN,none,none,False,24,COMPLETE
417,24.330171562499995,2026-06-08 00:52:14.642993,2026-06-08 00:52:15.152202,0 days 00:00:00.509209,KNN,none,none,False,24,COMPLETE
418,26.68310666666666,2026-06-08 00:52:14.823536,2026-06-08 00:52:15.214274,0 days 00:00:00.390738,KNN,none,none,False,48,COMPLETE
419,24.330171562499995,2026-06-08 00:52:14.869855,2026-06-08 00:52:15.368021,0 days 00:00:00.498166,KNN,none,none,False,24,COMPLETE
420,24.330171562499995,2026-06-08 00:52:15.041682,2026-06-08 00:52:15.564369,0 days 00:00:00.522687,KNN,none,none,False,24,COMPLETE
421,26.68310666666666,2026-06-08 00:52:15.153889,2026-06-08 00:52:15.537083,0 days 00:00:00.383194,KNN,none,none,False,48,COMPLETE
422,24.330171562499995,2026-06-08 00:52:15.216222,2026-06-08 00:52:15.759950,0 days 00:00:00.543728,KNN,none,none,False,24,COMPLETE
423,24.330171562499995,2026-06-08 00:52:15.369781,2026-06-08 00:52:15.906406,0 days 00:00:00.536625,KNN,none,none,False,24,COMPLETE
424,24.330171562499995,2026-06-08 00:52:15.525985,2026-06-08 00:52:16.048960,0 days 00:00:00.522975,KNN,none,none,False,24,COMPLETE
425,24.330171562499995,2026-06-08 00:52:15.539808,2026-06-08 00:52:16.087410,0 days 00:00:00.547602,KNN,none,none,False,24,COMPLETE
426,24.330171562499995,2026-06-08 00:52:15.566603,2026-06-08 00:52:16.096113,0 days 00:00:00.529510,KNN,none,none,False,24,COMPLETE
427,24.330171562499995,2026-06-08 00:52:15.762432,2026-06-08 00:52:16.321011,0 days 00:00:00.558579,KNN,none,none,False,24,COMPLETE
428,24.330171562499995,2026-06-08 00:52:15.909600,2026-06-08 00:52:16.501019,0 days 00:00:00.591419,KNN,none,none,False,24,COMPLETE
429,24.330171562499995,2026-06-08 00:52:16.035224,2026-06-08 00:52:16.612884,0 days 00:00:00.577660,KNN,none,none,False,24,COMPLETE
430,24.330171562499995,2026-06-08 00:52:16.051974,2026-06-08 00:52:16.641538,0 days 00:00:00.589564,KNN,none,none,False,24,COMPLETE
431,24.330171562499995,2026-06-08 00:52:16.089106,2026-06-08 00:52:16.669700,0 days 00:00:00.580594,KNN,none,none,False,24,COMPLETE
432,24.330171562499995,2026-06-08 00:52:16.098022,2026-06-08 00:52:16.681745,0 days 00:00:00.583723,KNN,none,none,False,24,COMPLETE
433,24.330171562499995,2026-06-08 00:52:16.323486,2026-06-08 00:52:16.949587,0 days 00:00:00.626101,KNN,none,none,False,24,COMPLETE
434,24.330171562499995,2026-06-08 00:52:16.425121,2026-06-08 00:52:17.075728,0 days 00:00:00.650607,KNN,none,none,False,24,COMPLETE
435,24.330171562499995,2026-06-08 00:52:16.504944,2026-06-08 00:52:17.134519,0 days 00:00:00.629575,KNN,none,none,False,24,COMPLETE
436,24.330171562499995,2026-06-08 00:52:16.619118,2026-06-08 00:52:17.267352,0 days 00:00:00.648234,KNN,none,none,False,24,COMPLETE
437,24.330171562499995,2026-06-08 00:52:16.644337,2026-06-08 00:52:17.294800,0 days 00:00:00.650463,KNN,none,none,False,24,COMPLETE
438,24.330171562499995,2026-06-08 00:52:16.671884,2026-06-08 00:52:17.350698,0 days 00:00:00.678814,KNN,none,none,False,24,COMPLETE
439,31.58477065638604,2026-06-08 00:52:16.683381,2026-06-08 00:52:16.840581,0 days 00:00:00.157200,Lasso,none,none,False,24,COMPLETE
440,24.330171562499995,2026-06-08 00:52:16.844140,2026-06-08 00:52:17.471482,0 days 00:00:00.627342,KNN,exclude,none,False,24,COMPLETE
441,24.330171562499995,2026-06-08 00:52:16.952006,2026-06-08 00:52:17.590654,0 days 00:00:00.638648,KNN,exclude,standard,False,24,COMPLETE
442,24.330171562499995,2026-06-08 00:52:17.077835,2026-06-08 00:52:17.715642,0 days 00:00:00.637807,KNN,exclude,standard,False,24,COMPLETE
443,34.57381640625,2026-06-08 00:52:17.137608,2026-06-08 00:52:17.260338,0 days 00:00:00.122730,DecisionTree,exclude,standard,False,24,COMPLETE
444,24.330171562499995,2026-06-08 00:52:17.262012,2026-06-08 00:52:17.961612,0 days 00:00:00.699600,KNN,none,none,False,24,COMPLETE
445,24.330171562499995,2026-06-08 00:52:17.271581,2026-06-08 00:52:17.929837,0 days 00:00:00.658256,KNN,none,none,False,24,COMPLETE
446,24.330171562499995,2026-06-08 00:52:17.298482,2026-06-08 00:52:17.956593,0 days 00:00:00.658111,KNN,none,none,False,24,COMPLETE
447,24.330171562499995,2026-06-08 00:52:17.356728,2026-06-08 00:52:18.036498,0 days 00:00:00.679770,KNN,none,none,False,24,COMPLETE
448,27.60323273450721,2026-06-08 00:52:17.474494,2026-06-08 00:52:17.618620,0 days 00:00:00.144126,Ridge,none,none,False,24,COMPLETE
449,27.60323273450721,2026-06-08 00:52:17.593152,2026-06-08 00:52:17.768949,0 days 00:00:00.175797,Ridge,none,none,False,24,COMPLETE
450,24.330171562499995,2026-06-08 00:52:17.622909,2026-06-08 00:52:18.400035,0 days 00:00:00.777126,KNN,none,none,False,24,COMPLETE
451,24.330171562499995,2026-06-08 00:52:17.718403,2026-06-08 00:52:18.503122,0 days 00:00:00.784719,KNN,none,none,False,24,COMPLETE
452,24.330171562499995,2026-06-08 00:52:17.772079,2026-06-08 00:52:18.543550,0 days 00:00:00.771471,KNN,none,none,False,24,COMPLETE
453,29.076662642720358,2026-06-08 00:52:17.932331,2026-06-08 00:52:18.153989,0 days 00:00:00.221658,LinearRegression,none,none,False,24,COMPLETE
454,29.076662642720358,2026-06-08 00:52:17.960148,2026-06-08 00:52:18.199086,0 days 00:00:00.238938,LinearRegression,none,none,False,24,COMPLETE
455,24.330171562499995,2026-06-08 00:52:17.965594,2026-06-08 00:52:18.736735,0 days 00:00:00.771141,KNN,none,none,False,24,COMPLETE
456,29.076662642720358,2026-06-08 00:52:18.040162,2026-06-08 00:52:18.251885,0 days 00:00:00.211723,LinearRegression,none,none,False,24,COMPLETE
457,24.330171562499995,2026-06-08 00:52:18.156745,2026-06-08 00:52:18.846209,0 days 00:00:00.689464,KNN,none,none,False,24,COMPLETE
458,24.330171562499995,2026-06-08 00:52:18.201501,2026-06-08 00:52:18.911053,0 days 00:00:00.709552,KNN,none,none,False,24,COMPLETE
459,24.330171562499995,2026-06-08 00:52:18.255859,2026-06-08 00:52:18.994863,0 days 00:00:00.739004,KNN,none,none,False,24,COMPLETE
460,32.83297124999999,2026-06-08 00:52:18.404001,2026-06-08 00:52:18.951608,0 days 00:00:00.547607,KNN,none,seasonal_diff,False,24,COMPLETE
461,26.68310666666666,2026-06-08 00:52:18.505770,2026-06-08 00:52:19.094188,0 days 00:00:00.588418,KNN,none,none,False,48,COMPLETE
462,26.68310666666666,2026-06-08 00:52:18.547510,2026-06-08 00:52:19.110041,0 days 00:00:00.562531,KNN,none,none,False,48,COMPLETE
463,32.83297124999999,2026-06-08 00:52:18.738441,2026-06-08 00:52:19.317661,0 days 00:00:00.579220,KNN,none,seasonal_diff,False,24,COMPLETE
464,37.6057175,2026-06-08 00:52:18.848902,2026-06-08 00:52:19.268249,0 days 00:00:00.419347,KNN,none,seasonal_diff,False,48,COMPLETE
465,32.83297124999999,2026-06-08 00:52:18.914489,2026-06-08 00:52:19.725513,0 days 00:00:00.811024,KNN,none,seasonal_diff,False,24,COMPLETE
466,26.68310666666666,2026-06-08 00:52:18.954178,2026-06-08 00:52:19.773000,0 days 00:00:00.818822,KNN,none,none,False,48,COMPLETE
467,24.330171562499995,2026-06-08 00:52:18.998590,2026-06-08 00:52:20.041596,0 days 00:00:01.043006,KNN,none,none,False,24,COMPLETE
468,24.330171562499995,2026-06-08 00:52:19.098717,2026-06-08 00:52:20.170471,0 days 00:00:01.071754,KNN,none,none,False,24,COMPLETE
469,24.330171562499995,2026-06-08 00:52:19.114694,2026-06-08 00:52:20.159189,0 days 00:00:01.044495,KNN,none,none,False,24,COMPLETE
470,31.535332031250004,2026-06-08 00:52:19.271524,2026-06-08 00:52:19.508652,0 days 00:00:00.237128,DecisionTree,none,none,False,24,COMPLETE
471,31.58477065638604,2026-06-08 00:52:19.320153,2026-06-08 00:52:19.579198,0 days 00:00:00.259045,Lasso,none,none,False,24,COMPLETE
472,24.330171562499995,2026-06-08 00:52:19.517171,2026-06-08 00:52:20.495919,0 days 00:00:00.978748,KNN,none,none,False,24,COMPLETE
473,24.330171562499995,2026-06-08 00:52:19.585737,2026-06-08 00:52:20.482796,0 days 00:00:00.897059,KNN,none,none,False,24,COMPLETE
474,24.330171562499995,2026-06-08 00:52:19.727732,2026-06-08 00:52:20.649014,0 days 00:00:00.921282,KNN,exclude,none,False,24,COMPLETE
475,24.330171562499995,2026-06-08 00:52:19.777079,2026-06-08 00:52:20.904967,0 days 00:00:01.127888,KNN,exclude,none,False,24,COMPLETE
476,24.330171562499995,2026-06-08 00:52:20.046998,2026-06-08 00:52:21.828668,0 days 00:00:01.781670,KNN,exclude,none,False,24,COMPLETE
477,24.330171562499995,2026-06-08 00:52:20.162956,2026-06-08 00:52:22.209215,0 days 00:00:02.046259,KNN,exclude,none,False,24,COMPLETE
478,24.330171562499995,2026-06-08 00:52:20.175363,2026-06-08 00:52:22.030634,0 days 00:00:01.855271,KNN,exclude,none,False,24,COMPLETE
479,29.086236666666665,2026-06-08 00:52:20.486647,2026-06-08 00:52:22.980449,0 days 00:00:02.493802,KNN,exclude,none,True,24,COMPLETE
480,29.086236666666665,2026-06-08 00:52:20.499214,2026-06-08 00:52:23.037969,0 days 00:00:02.538755,KNN,exclude,none,True,24,COMPLETE
481,28.7027183101764,2026-06-08 00:52:20.676644,2026-06-08 00:52:21.783976,0 days 00:00:01.107332,ElasticNet,dummy,none,True,24,COMPLETE
482,24.330171562499995,2026-06-08 00:52:20.908215,2026-06-08 00:52:23.091141,0 days 00:00:02.182926,KNN,dummy,none,False,24,COMPLETE
483,24.330171562499995,2026-06-08 00:52:21.785334,2026-06-08 00:52:23.310036,0 days 00:00:01.524702,KNN,none,none,False,24,COMPLETE
484,26.74618166666667,2026-06-08 00:52:21.830673,2026-06-08 00:52:23.106519,0 days 00:00:01.275846,KNN,none,none,False,36,COMPLETE
485,28.989296354166665,2026-06-08 00:52:22.039193,2026-06-08 00:52:23.231252,0 days 00:00:01.192059,KNN,none,diff,False,36,COMPLETE
486,26.74618166666667,2026-06-08 00:52:22.213187,2026-06-08 00:52:23.336918,0 days 00:00:01.123731,KNN,none,none,False,36,COMPLETE
487,27.895876406249997,2026-06-08 00:52:22.984741,2026-06-08 00:52:23.836822,0 days 00:00:00.852081,KNN,none,diff,False,24,COMPLETE
488,28.989296354166665,2026-06-08 00:52:23.040462,2026-06-08 00:52:23.647950,0 days 00:00:00.607488,KNN,none,diff,False,36,COMPLETE
489,26.74618166666667,2026-06-08 00:52:23.095311,2026-06-08 00:52:23.738551,0 days 00:00:00.643240,KNN,none,none,False,36,COMPLETE
490,24.330171562499995,2026-06-08 00:52:23.120169,2026-06-08 00:52:23.907749,0 days 00:00:00.787580,KNN,none,none,False,24,COMPLETE
491,24.330171562499995,2026-06-08 00:52:23.236253,2026-06-08 00:52:23.996349,0 days 00:00:00.760096,KNN,none,none,False,24,COMPLETE
492,24.330171562499995,2026-06-08 00:52:23.313810,2026-06-08 00:52:24.207097,0 days 00:00:00.893287,KNN,none,none,False,24,COMPLETE
493,24.330171562499995,2026-06-08 00:52:23.339456,2026-06-08 00:52:24.180133,0 days 00:00:00.840677,KNN,none,none,False,24,COMPLETE
494,24.330171562499995,2026-06-08 00:52:23.651414,2026-06-08 00:52:24.413759,0 days 00:00:00.762345,KNN,none,none,False,24,COMPLETE
495,24.330171562499995,2026-06-08 00:52:23.741464,2026-06-08 00:52:24.439794,0 days 00:00:00.698330,KNN,none,none,False,24,COMPLETE
496,24.330171562499995,2026-06-08 00:52:23.840664,2026-06-08 00:52:24.478466,0 days 00:00:00.637802,KNN,none,none,False,24,COMPLETE
497,24.405837789373614,2026-06-08 00:52:23.911502,2026-06-08 00:52:24.242198,0 days 00:00:00.330696,SVR_rbf,none,none,False,24,COMPLETE
498,31.58477065638604,2026-06-08 00:52:23.998766,2026-06-08 00:52:24.265243,0 days 00:00:00.266477,Lasso,none,none,False,24,COMPLETE
499,24.330171562499995,2026-06-08 00:52:24.184301,2026-06-08 00:52:24.513018,0 days 00:00:00.328717,KNN,none,none,False,24,COMPLETE
